{"textures":{"0":"modelengine:entity/cubee-gothic_hag","particle":"#0"},"elements":[{"from":[7.18003,3.4902997,6.48113],"to":[8.01003,5.3577995,9.49813],"faces":{"east":{"uv":[0.875,4.75,1.25,5.0],"tintindex":0,"rotation":0,"texture":"#0"},"south":{"uv":[5.875,8.0,6.0,8.25],"tintindex":0,"rotation":0,"texture":"#0"},"north":{"uv":[4.25,6.25,4.375,6.5],"tintindex":0,"rotation":0,"texture":"#0"},"west":{"uv":[7.125,6.625,7.5,6.875],"tintindex":0,"rotation":0,"texture":"#0"},"up":{"uv":[6.75,3.75,6.625,3.375],"tintindex":0,"rotation":0,"texture":"#0"},"down":{"uv":[3.125,7.75,3.0,8.125],"tintindex":0,"rotation":0,"texture":"#0"}},"rotation":{"origin":[6.76503,6.9970493,7.70538],"angle":-22.5,"axis":"z"}},{"from":[8.01003,3.4902997,6.48113],"to":[9.04753,4.1127996,9.49813],"faces":{"east":{"uv":[8.0,7.125,8.375,7.1875],"tintindex":0,"rotation":0,"texture":"#0"},"south":{"uv":[5.0,8.125,5.125,8.1875],"tintindex":0,"rotation":0,"texture":"#0"},"north":{"uv":[8.125,4.875,8.25,4.9375],"tintindex":0,"rotation":0,"texture":"#0"},"west":{"uv":[8.0,7.25,8.375,7.3125],"tintindex":0,"rotation":0,"texture":"#0"},"up":{"uv":[3.25,8.125,3.125,7.75],"tintindex":0,"rotation":0,"texture":"#0"},"down":{"uv":[4.5,7.75,4.375,8.125],"tintindex":0,"rotation":0,"texture":"#0"}},"rotation":{"origin":[6.76503,6.9970493,7.70538],"angle":-22.5,"axis":"z"}},{"from":[4.7852798,7.00303,6.46038],"to":[8.06378,7.8330297,9.56038],"faces":{"east":{"uv":[2.625,7.75,3.0,7.875],"tintindex":0,"rotation":0,"texture":"#0"},"south":{"uv":[7.625,2.375,8.0625,2.5],"tintindex":0,"rotation":0,"texture":"#0"},"north":{"uv":[7.5,4.5,7.9375,4.625],"tintindex":0,"rotation":0,"texture":"#0"},"west":{"uv":[3.375,7.75,3.75,7.875],"tintindex":0,"rotation":0,"texture":"#0"},"up":{"uv":[7.0625,2.625,6.625,2.25],"tintindex":0,"rotation":0,"texture":"#0"},"down":{"uv":[5.8125,6.75,5.375,7.125],"tintindex":0,"rotation":0,"texture":"#0"}},"rotation":{"origin":[6.83953,7.41803,7.72613],"angle":45.0,"axis":"z"}},{"from":[6.2129397,5.07079,6.48113],"to":[7.95294,5.85929,9.53963],"faces":{"east":{"uv":[3.75,7.75,4.125,7.875],"tintindex":0,"rotation":0,"texture":"#0"},"south":{"uv":[8.0,7.0,8.1875,7.125],"tintindex":0,"rotation":0,"texture":"#0"},"north":{"uv":[8.0,6.875,8.1875,7.0],"tintindex":0,"rotation":0,"texture":"#0"},"west":{"uv":[5.125,7.75,5.5,7.875],"tintindex":0,"rotation":0,"texture":"#0"},"up":{"uv":[6.6875,7.75,6.5,7.375],"tintindex":0,"rotation":0,"texture":"#0"},"down":{"uv":[6.9375,7.375,6.75,7.75],"tintindex":0,"rotation":0,"texture":"#0"}},"rotation":{"origin":[7.45794,6.71004,7.72613],"angle":-22.5,"axis":"z"}}],"display":{"head":{"rotation":[0.0,0.0,0.0]},"firstperson_righthand":{"rotation":[0.0,0.0,0.0]},"thirdperson_lefthand":{"rotation":[0.0,-0.0,-0.0]},"firstperson_lefthand":{"rotation":[0.0,-0.0,-0.0]},"fixed":{"rotation":[0.0,0.0,0.0]},"ground":{"rotation":[0.0,0.0,0.0]},"thirdperson_righthand":{"rotation":[0.0,0.0,0.0]},"gui":{"rotation":[-150.0,-45.0,180.0]}}}