{"textures":{"0":"modelengine:entity/pet_griffon_khonsu","particle":"#0"},"elements":[{"from":[10.256115,-3.1863613,9.105556],"to":[16.256115,6.8136387,9.105556],"faces":{"south":{"uv":[1.25,11.5,2.0,12.75],"tintindex":0,"rotation":0,"texture":"#0"},"north":{"uv":[2.0,11.5,1.25,12.75],"tintindex":0,"rotation":0,"texture":"#0"}},"rotation":{"origin":[11.281115,2.663639,8.630555],"angle":22.5,"axis":"z"}},{"from":[7.256115,-1.1863613,9.105556],"to":[13.256115,8.813639,9.105556],"faces":{"south":{"uv":[1.25,11.5,2.0,12.75],"tintindex":0,"rotation":0,"texture":"#0"},"north":{"uv":[2.0,11.5,1.25,12.75],"tintindex":0,"rotation":0,"texture":"#0"}},"rotation":{"origin":[11.281115,2.663639,8.630555],"angle":22.5,"axis":"z"}},{"from":[14.306114,-3.836361,9.105556],"to":[20.306114,6.163639,9.105556],"faces":{"south":{"uv":[1.25,11.5,2.0,12.75],"tintindex":0,"rotation":0,"texture":"#0"},"north":{"uv":[2.0,11.5,1.25,12.75],"tintindex":0,"rotation":0,"texture":"#0"}},"rotation":{"origin":[15.306114,0.66363907,8.630555],"angle":22.5,"axis":"z"}},{"from":[7.8061147,4.663639,8.130555],"to":[15.806114,10.663639,9.130555],"faces":{"east":{"uv":[3.375,9.0,3.25,9.75],"tintindex":0,"rotation":0,"texture":"#0"},"south":{"uv":[5.625,5.75,6.625,6.5],"tintindex":0,"rotation":0,"texture":"#0"},"north":{"uv":[6.625,5.75,5.625,6.5],"tintindex":0,"rotation":0,"texture":"#0"},"west":{"uv":[7.625,8.75,7.5,9.5],"tintindex":0,"rotation":0,"texture":"#0"},"up":{"uv":[1.625,8.25,1.5,9.25],"tintindex":0,"rotation":90,"texture":"#0"},"down":{"uv":[6.375,9.5,6.25,8.5],"tintindex":0,"rotation":270,"texture":"#0"}}}],"display":{"head":{"rotation":[0.0,0.0,0.0]},"firstperson_righthand":{"rotation":[0.0,0.0,0.0]},"thirdperson_lefthand":{"rotation":[0.0,-0.0,-0.0]},"firstperson_lefthand":{"rotation":[0.0,-0.0,-0.0]},"fixed":{"rotation":[0.0,0.0,0.0]},"ground":{"rotation":[0.0,0.0,0.0]},"thirdperson_righthand":{"rotation":[0.0,0.0,0.0]},"gui":{"rotation":[-150.0,-45.0,180.0]}}}