{"textures":{"0":"toffy/crates/toffy_crate_viking","particle":"#0"},"elements":[{"from":[22.918655,4.73806,10.75],"to":[23.918655,5.23806,11.75],"faces":{"east":{"uv":[5.125,7.9375,5.25,8.0],"tintindex":0,"rotation":0,"texture":"#0"},"south":{"uv":[5.3125,7.9375,5.4375,8.0],"tintindex":0,"rotation":0,"texture":"#0"},"north":{"uv":[5.625,1.875,5.75,1.9375],"tintindex":0,"rotation":0,"texture":"#0"},"west":{"uv":[7.1875,7.9375,7.3125,8.0],"tintindex":0,"rotation":0,"texture":"#0"},"up":{"uv":[6.9375,7.9375,6.8125,7.8125],"tintindex":0,"rotation":0,"texture":"#0"},"down":{"uv":[7.125,7.8125,7.0,7.9375],"tintindex":0,"rotation":0,"texture":"#0"}},"rotation":{"origin":[22.668655,5.11306,7.75],"angle":-22.5,"axis":"z"}},{"from":[6.441345,4.73806,10.75],"to":[7.441345,5.23806,11.75],"faces":{"east":{"uv":[1.25,8.0,1.375,8.0625],"tintindex":0,"rotation":0,"texture":"#0"},"south":{"uv":[1.8125,8.0,1.9375,8.0625],"tintindex":0,"rotation":0,"texture":"#0"},"north":{"uv":[1.0625,8.0,1.1875,8.0625],"tintindex":0,"rotation":0,"texture":"#0"},"west":{"uv":[8.0,2.3125,8.125,2.375],"tintindex":0,"rotation":0,"texture":"#0"},"up":{"uv":[0.125,8.0,0.0,7.875],"tintindex":0,"rotation":0,"texture":"#0"},"down":{"uv":[8.0,0.0,7.875,0.125],"tintindex":0,"rotation":0,"texture":"#0"}},"rotation":{"origin":[7.691345,5.11306,7.75],"angle":22.5,"axis":"z"}},{"from":[6.441345,5.23806,11.0],"to":[6.941345,5.73806,11.5],"faces":{"east":{"uv":[8.0,5.5,8.0625,5.5625],"tintindex":0,"rotation":0,"texture":"#0"},"south":{"uv":[5.625,8.0,5.6875,8.0625],"tintindex":0,"rotation":0,"texture":"#0"},"north":{"uv":[5.5,8.0,5.5625,8.0625],"tintindex":0,"rotation":0,"texture":"#0"},"west":{"uv":[8.0,5.625,8.0625,5.6875],"tintindex":0,"rotation":0,"texture":"#0"},"up":{"uv":[5.8125,8.0625,5.75,8.0],"tintindex":0,"rotation":0,"texture":"#0"},"down":{"uv":[5.9375,8.0,5.875,8.0625],"tintindex":0,"rotation":0,"texture":"#0"}},"rotation":{"origin":[7.691345,5.11306,7.75],"angle":22.5,"axis":"z"}},{"from":[6.6800003,4.28825,10.5],"to":[23.68,4.78825,12.0],"faces":{"east":{"uv":[7.9375,3.125,8.125,3.1875],"tintindex":0,"rotation":0,"texture":"#0"},"south":{"uv":[5.8125,2.375,7.9375,2.4375],"tintindex":0,"rotation":0,"texture":"#0"},"north":{"uv":[5.25,0.75,7.375,0.8125],"tintindex":0,"rotation":0,"texture":"#0"},"west":{"uv":[3.4375,7.9375,3.625,8.0],"tintindex":0,"rotation":0,"texture":"#0"},"up":{"uv":[3.3125,5.25,1.1875,5.0625],"tintindex":0,"rotation":0,"texture":"#0"},"down":{"uv":[5.5,5.0625,3.375,5.25],"tintindex":0,"rotation":0,"texture":"#0"}}},{"from":[23.418655,5.23806,11.0],"to":[23.918655,5.73806,11.5],"faces":{"east":{"uv":[8.0,4.75,8.0625,4.8125],"tintindex":0,"rotation":0,"texture":"#0"},"south":{"uv":[8.0,4.875,8.0625,4.9375],"tintindex":0,"rotation":0,"texture":"#0"},"north":{"uv":[8.0,4.625,8.0625,4.6875],"tintindex":0,"rotation":0,"texture":"#0"},"west":{"uv":[8.0,5.125,8.0625,5.1875],"tintindex":0,"rotation":0,"texture":"#0"},"up":{"uv":[8.0625,5.3125,8.0,5.25],"tintindex":0,"rotation":0,"texture":"#0"},"down":{"uv":[8.0625,5.375,8.0,5.4375],"tintindex":0,"rotation":0,"texture":"#0"}},"rotation":{"origin":[22.668655,5.11306,7.75],"angle":-22.5,"axis":"z"}}],"display":{"head":{"rotation":[0.0,0.0,0.0]},"firstperson_righthand":{"rotation":[0.0,0.0,0.0]},"thirdperson_lefthand":{"rotation":[0.0,-0.0,-0.0]},"firstperson_lefthand":{"rotation":[0.0,-0.0,-0.0]},"fixed":{"rotation":[0.0,0.0,0.0]},"ground":{"rotation":[0.0,0.0,0.0]},"thirdperson_righthand":{"rotation":[0.0,0.0,0.0]},"gui":{"rotation":[-150.0,-45.0,180.0]}}}