{"textures":{"0":"toffy/crates/toffy_crate_viking","particle":"#0"},"elements":[{"from":[-6.5,6.0,17.93854],"to":[19.5,7.0,19.93854],"faces":{"east":{"uv":[8.0625,7.875,7.9375,7.9375],"tintindex":0,"rotation":0,"texture":"#0"},"south":{"uv":[8.3125,6.0,6.6875,6.0625],"tintindex":0,"rotation":0,"texture":"#0"},"north":{"uv":[8.3125,6.125,6.6875,6.1875],"tintindex":0,"rotation":0,"texture":"#0"},"west":{"uv":[8.125,1.0,8.0,1.0625],"tintindex":0,"rotation":0,"texture":"#0"},"up":{"uv":[7.1875,5.0625,5.5625,5.1875],"tintindex":0,"rotation":0,"texture":"#0"},"down":{"uv":[7.25,1.8125,5.625,1.6875],"tintindex":0,"rotation":0,"texture":"#0"}},"rotation":{"origin":[8.0,7.0,19.93854],"angle":22.5,"axis":"x"}},{"from":[-4.5,6.83313,22.91969],"to":[17.5,9.83313,23.91969],"faces":{"east":{"uv":[2.9375,7.9375,2.875,8.125],"tintindex":0,"rotation":0,"texture":"#0"},"south":{"uv":[6.9375,3.5625,5.5625,3.75],"tintindex":0,"rotation":0,"texture":"#0"},"north":{"uv":[5.0625,5.5625,3.6875,5.75],"tintindex":0,"rotation":0,"texture":"#0"},"west":{"uv":[3.375,7.9375,3.3125,8.125],"tintindex":0,"rotation":0,"texture":"#0"},"up":{"uv":[4.4375,7.125,3.0625,7.1875],"tintindex":0,"rotation":0,"texture":"#0"},"down":{"uv":[7.25,7.1875,5.875,7.125],"tintindex":0,"rotation":0,"texture":"#0"}},"rotation":{"origin":[1.5,-0.16687012,26.919691],"angle":-22.5,"axis":"x"}},{"from":[-8.5,6.0,13.93854],"to":[21.5,7.0,17.93854],"faces":{"east":{"uv":[8.0625,3.0,7.8125,3.0625],"tintindex":0,"rotation":0,"texture":"#0"},"south":{"uv":[8.375,4.5,6.5,4.5625],"tintindex":0,"rotation":0,"texture":"#0"},"north":{"uv":[2.875,6.5625,1.0,6.625],"tintindex":0,"rotation":0,"texture":"#0"},"west":{"uv":[7.4375,7.8125,7.1875,7.875],"tintindex":0,"rotation":0,"texture":"#0"},"up":{"uv":[6.5,2.5,4.625,2.75],"tintindex":0,"rotation":0,"texture":"#0"},"down":{"uv":[6.5,3.0625,4.625,2.8125],"tintindex":0,"rotation":0,"texture":"#0"}},"rotation":{"origin":[8.0,7.0,19.93854],"angle":22.5,"axis":"x"}},{"from":[-5.5,7.2919397,22.460888],"to":[18.5,9.29194,23.460888],"faces":{"east":{"uv":[7.4375,7.9375,7.375,8.0625],"tintindex":0,"rotation":0,"texture":"#0"},"south":{"uv":[6.625,5.875,5.125,6.0],"tintindex":0,"rotation":0,"texture":"#0"},"north":{"uv":[1.5,6.0,0.0,6.125],"tintindex":0,"rotation":0,"texture":"#0"},"west":{"uv":[7.5625,7.9375,7.5,8.0625],"tintindex":0,"rotation":0,"texture":"#0"},"up":{"uv":[7.5625,6.875,6.0625,6.9375],"tintindex":0,"rotation":0,"texture":"#0"},"down":{"uv":[1.5,7.0,0.0,6.9375],"tintindex":0,"rotation":0,"texture":"#0"}},"rotation":{"origin":[6.5,-0.70806026,27.46089],"angle":-22.5,"axis":"x"}},{"from":[-6.5,7.0,13.06354],"to":[19.5,8.0,19.93854],"faces":{"east":{"uv":[1.0,3.5625,0.5625,3.625],"tintindex":0,"rotation":0,"texture":"#0"},"south":{"uv":[4.125,4.625,2.5,4.6875],"tintindex":0,"rotation":0,"texture":"#0"},"north":{"uv":[8.3125,5.875,6.6875,5.9375],"tintindex":0,"rotation":0,"texture":"#0"},"west":{"uv":[1.75,4.375,1.3125,4.4375],"tintindex":0,"rotation":0,"texture":"#0"},"up":{"uv":[4.0,0.9375,2.375,1.375],"tintindex":0,"rotation":0,"texture":"#0"},"down":{"uv":[2.6875,2.8125,1.0625,2.375],"tintindex":0,"rotation":0,"texture":"#0"}},"rotation":{"origin":[8.0,7.0,19.93854],"angle":22.5,"axis":"x"}}],"display":{"head":{"rotation":[0.0,0.0,0.0]},"firstperson_righthand":{"rotation":[0.0,0.0,0.0]},"thirdperson_lefthand":{"rotation":[0.0,-0.0,-0.0]},"firstperson_lefthand":{"rotation":[0.0,-0.0,-0.0]},"fixed":{"rotation":[0.0,0.0,0.0]},"ground":{"rotation":[0.0,0.0,0.0]},"thirdperson_righthand":{"rotation":[0.0,0.0,0.0]},"gui":{"rotation":[-150.0,-45.0,180.0]}}}