{"textures":{"0":"toffy/crates/toffy_crate_viking","particle":"#0"},"elements":[{"from":[0.0,10.674194,-2.0411806],"to":[10.0,11.674194,1.3838196],"faces":{"east":{"uv":[7.25,6.5625,7.6875,6.6875],"tintindex":0,"rotation":0,"texture":"#0"},"south":{"uv":[5.125,6.25,6.375,6.375],"tintindex":0,"rotation":0,"texture":"#0"},"north":{"uv":[6.1875,0.1875,7.4375,0.3125],"tintindex":0,"rotation":0,"texture":"#0"},"west":{"uv":[0.3125,7.3125,0.75,7.4375],"tintindex":0,"rotation":0,"texture":"#0"},"up":{"uv":[1.25,4.5625,0.0,4.125],"tintindex":0,"rotation":0,"texture":"#0"},"down":{"uv":[5.5,3.25,4.25,3.6875],"tintindex":0,"rotation":0,"texture":"#0"}},"rotation":{"origin":[8.0,13.174194,-7.5411797],"angle":-22.5,"axis":"x"}},{"from":[-1.0,12.767466,-4.0296803],"to":[11.0,14.267466,-3.5296803],"faces":{"east":{"uv":[1.6875,7.9375,1.75,8.125],"tintindex":0,"rotation":0,"texture":"#0"},"south":{"uv":[3.6875,5.3125,5.1875,5.5],"tintindex":0,"rotation":0,"texture":"#0"},"north":{"uv":[2.125,5.3125,3.625,5.5],"tintindex":0,"rotation":0,"texture":"#0"},"west":{"uv":[7.9375,2.5,8.0,2.6875],"tintindex":0,"rotation":0,"texture":"#0"},"up":{"uv":[6.25,6.6875,4.75,6.625],"tintindex":0,"rotation":0,"texture":"#0"},"down":{"uv":[6.0,6.875,4.5,6.9375],"tintindex":0,"rotation":0,"texture":"#0"}},"rotation":{"origin":[7.0,7.267465,-6.0296803],"angle":22.5,"axis":"x"}},{"from":[-2.0,10.174194,-2.0411806],"to":[12.0,10.674194,0.95881987],"faces":{"east":{"uv":[7.5625,4.875,7.9375,4.9375],"tintindex":0,"rotation":0,"texture":"#0"},"south":{"uv":[6.625,2.1875,8.375,2.25],"tintindex":0,"rotation":0,"texture":"#0"},"north":{"uv":[6.625,2.0625,8.375,2.125],"tintindex":0,"rotation":0,"texture":"#0"},"west":{"uv":[7.625,6.875,8.0,6.9375],"tintindex":0,"rotation":0,"texture":"#0"},"up":{"uv":[3.75,3.625,2.0,3.25],"tintindex":0,"rotation":0,"texture":"#0"},"down":{"uv":[5.1875,0.0,3.4375,0.375],"tintindex":0,"rotation":0,"texture":"#0"}},"rotation":{"origin":[8.0,13.174194,-7.5411797],"angle":-22.5,"axis":"x"}},{"from":[0.5,11.5,-4.4504204],"to":[9.5,15.0,-3.4504204],"faces":{"east":{"uv":[0.8125,7.3125,0.9375,7.75],"tintindex":0,"rotation":0,"texture":"#0"},"south":{"uv":[1.3125,4.5,2.4375,4.9375],"tintindex":0,"rotation":0,"texture":"#0"},"north":{"uv":[4.4375,1.5,5.5625,1.9375],"tintindex":0,"rotation":0,"texture":"#0"},"west":{"uv":[1.0,7.3125,1.125,7.75],"tintindex":0,"rotation":0,"texture":"#0"},"up":{"uv":[7.5,3.4375,6.375,3.3125],"tintindex":0,"rotation":0,"texture":"#0"},"down":{"uv":[7.5,4.625,6.375,4.75],"tintindex":0,"rotation":0,"texture":"#0"}},"rotation":{"origin":[8.0,8.0,-5.9504204],"angle":22.5,"axis":"x"}}],"display":{"head":{"rotation":[0.0,0.0,0.0]},"firstperson_righthand":{"rotation":[0.0,0.0,0.0]},"thirdperson_lefthand":{"rotation":[0.0,-0.0,-0.0]},"firstperson_lefthand":{"rotation":[0.0,-0.0,-0.0]},"fixed":{"rotation":[0.0,0.0,0.0]},"ground":{"rotation":[0.0,0.0,0.0]},"thirdperson_righthand":{"rotation":[0.0,0.0,0.0]},"gui":{"rotation":[-150.0,-45.0,180.0]}}}