{"textures":{"0":"modelengine:entity/meteor_of_doom","particle":"#0"},"elements":[{"from":[-14.658699,-5.25469,4.08953],"to":[30.673931,21.26531,11.9074],"faces":{"east":{"uv":[11.5,2.5,12.0,4.15625],"tintindex":0,"rotation":0,"texture":"#0"},"south":{"uv":[3.375,1.6875,6.21875,3.34375],"tintindex":0,"rotation":0,"texture":"#0"},"north":{"uv":[3.375,0.0,6.21875,1.65625],"tintindex":0,"rotation":0,"texture":"#0"},"west":{"uv":[3.4375,11.8125,3.9375,13.46875],"tintindex":0,"rotation":0,"texture":"#0"},"up":{"uv":[13.84375,7.75,11.0,7.25],"tintindex":0,"rotation":0,"texture":"#0"},"down":{"uv":[13.84375,7.75,11.0,8.25],"tintindex":0,"rotation":0,"texture":"#0"}},"rotation":{"origin":[8.00761,8.00531,7.99847],"angle":45.0,"axis":"y"}},{"from":[-10.778849,-5.25712,-5.2660694],"to":[26.79157,21.2633,21.254349],"faces":{"east":{"uv":[10.125,9.125,11.78125,10.78125],"tintindex":0,"rotation":0,"texture":"#0"},"south":{"uv":[9.125,0.0,11.46875,1.65625],"tintindex":0,"rotation":0,"texture":"#0"},"north":{"uv":[8.625,7.4375,10.96875,9.09375],"tintindex":0,"rotation":0,"texture":"#0"},"west":{"uv":[10.3125,5.0625,11.96875,6.71875],"tintindex":0,"rotation":0,"texture":"#0"},"up":{"uv":[11.46875,3.34375,9.125,1.6875],"tintindex":0,"rotation":0,"texture":"#0"},"down":{"uv":[11.46875,3.375,9.125,5.03125],"tintindex":0,"rotation":0,"texture":"#0"}}},{"from":[-14.674349,4.05204,-5.26807],"to":[30.631771,11.92517,21.25193],"faces":{"east":{"uv":[11.5,4.1875,13.15625,4.6875],"tintindex":0,"rotation":0,"texture":"#0"},"south":{"uv":[9.1875,11.3125,12.03125,11.8125],"tintindex":0,"rotation":0,"texture":"#0"},"north":{"uv":[6.3125,11.3125,9.15625,11.8125],"tintindex":0,"rotation":0,"texture":"#0"},"west":{"uv":[4.9375,11.8125,6.59375,12.3125],"tintindex":0,"rotation":0,"texture":"#0"},"up":{"uv":[2.84375,7.40625,0.0,5.75],"tintindex":0,"rotation":0,"texture":"#0"},"down":{"uv":[9.09375,0.0,6.25,1.65625],"tintindex":0,"rotation":0,"texture":"#0"}},"rotation":{"origin":[7.97871,7.9886,7.99193],"angle":45.0,"axis":"z"}},{"from":[-5.25585,5.43486,-14.787111],"to":[21.264149,13.28036,30.574259],"faces":{"east":{"uv":[10.3125,6.75,13.15625,7.25],"tintindex":0,"rotation":0,"texture":"#0"},"south":{"uv":[11.5,1.0,13.15625,1.5],"tintindex":0,"rotation":0,"texture":"#0"},"north":{"uv":[0.0,11.5,1.65625,12.0],"tintindex":0,"rotation":0,"texture":"#0"},"west":{"uv":[3.4375,10.8125,6.28125,11.3125],"tintindex":0,"rotation":0,"texture":"#0"},"up":{"uv":[1.65625,2.84375,0.0,0.0],"tintindex":0,"rotation":0,"texture":"#0"},"down":{"uv":[3.34375,0.0,1.6875,2.84375],"tintindex":0,"rotation":0,"texture":"#0"}},"rotation":{"origin":[8.00415,8.52886,6.31895],"angle":45.0,"axis":"x"}},{"from":[4.09867,-5.25469,-14.6678505],"to":[11.91654,21.26531,30.66478],"faces":{"east":{"uv":[3.375,5.0625,6.21875,6.71875],"tintindex":0,"rotation":0,"texture":"#0"},"south":{"uv":[4.4375,11.8125,4.9375,13.46875],"tintindex":0,"rotation":0,"texture":"#0"},"north":{"uv":[3.9375,11.8125,4.4375,13.46875],"tintindex":0,"rotation":0,"texture":"#0"},"west":{"uv":[3.375,3.375,6.21875,5.03125],"tintindex":0,"rotation":0,"texture":"#0"},"up":{"uv":[13.84375,8.75,11.0,8.25],"tintindex":0,"rotation":270,"texture":"#0"},"down":{"uv":[6.28125,11.3125,3.4375,11.8125],"tintindex":0,"rotation":90,"texture":"#0"}},"rotation":{"origin":[8.00761,8.00531,7.99847],"angle":45.0,"axis":"y"}},{"from":[4.04214,-14.664459,-5.26807],"to":[11.91527,30.64166,21.25193],"faces":{"east":{"uv":[9.09375,3.375,6.25,5.03125],"tintindex":0,"rotation":270,"texture":"#0"},"south":{"uv":[11.5,0.5,14.34375,1.0],"tintindex":0,"rotation":270,"texture":"#0"},"north":{"uv":[11.5,0.0,14.34375,0.5],"tintindex":0,"rotation":90,"texture":"#0"},"west":{"uv":[9.09375,3.34375,6.25,1.6875],"tintindex":0,"rotation":270,"texture":"#0"},"up":{"uv":[6.625,11.8125,8.28125,12.3125],"tintindex":0,"rotation":270,"texture":"#0"},"down":{"uv":[8.3125,11.8125,9.96875,12.3125],"tintindex":0,"rotation":270,"texture":"#0"}},"rotation":{"origin":[7.97871,7.9886,7.99193],"angle":45.0,"axis":"z"}},{"from":[-5.25385,-10.78212,-5.2660694],"to":[21.266571,26.7883,21.254349],"faces":{"east":{"uv":[1.6875,8.4375,3.34375,10.78125],"tintindex":0,"rotation":0,"texture":"#0"},"south":{"uv":[3.375,8.4375,5.03125,10.78125],"tintindex":0,"rotation":0,"texture":"#0"},"north":{"uv":[0.0,7.4375,1.65625,9.78125],"tintindex":0,"rotation":0,"texture":"#0"},"west":{"uv":[8.625,5.0625,10.28125,7.40625],"tintindex":0,"rotation":0,"texture":"#0"},"up":{"uv":[10.09375,10.78125,8.4375,9.125],"tintindex":0,"rotation":0,"texture":"#0"},"down":{"uv":[1.65625,9.8125,0.0,11.46875],"tintindex":0,"rotation":0,"texture":"#0"}}},{"from":[-5.25585,-14.679251,4.09564],"to":[21.264149,30.68212,11.94114],"faces":{"east":{"uv":[6.3125,10.8125,9.15625,11.3125],"tintindex":0,"rotation":270,"texture":"#0"},"south":{"uv":[1.65625,5.71875,0.0,2.875],"tintindex":0,"rotation":0,"texture":"#0"},"north":{"uv":[3.34375,2.875,1.6875,5.71875],"tintindex":0,"rotation":180,"texture":"#0"},"west":{"uv":[9.1875,10.8125,12.03125,11.3125],"tintindex":0,"rotation":90,"texture":"#0"},"up":{"uv":[11.5,1.5,13.15625,2.0],"tintindex":0,"rotation":180,"texture":"#0"},"down":{"uv":[11.5,2.0,13.15625,2.5],"tintindex":0,"rotation":0,"texture":"#0"}},"rotation":{"origin":[8.00415,8.00144,8.01839],"angle":45.0,"axis":"x"}},{"from":[-5.25385,-5.25712,-10.791071],"to":[21.266571,21.2633,26.779348],"faces":{"east":{"uv":[6.25,5.0625,8.59375,6.71875],"tintindex":0,"rotation":0,"texture":"#0"},"south":{"uv":[6.75,9.125,8.40625,10.78125],"tintindex":0,"rotation":0,"texture":"#0"},"north":{"uv":[5.0625,9.125,6.71875,10.78125],"tintindex":0,"rotation":0,"texture":"#0"},"west":{"uv":[2.875,6.75,5.21875,8.40625],"tintindex":0,"rotation":0,"texture":"#0"},"up":{"uv":[6.90625,9.09375,5.25,6.75],"tintindex":0,"rotation":0,"texture":"#0"},"down":{"uv":[8.59375,6.75,6.9375,9.09375],"tintindex":0,"rotation":0,"texture":"#0"}}}],"display":{"head":{"rotation":[0.0,0.0,0.0]},"firstperson_righthand":{"rotation":[0.0,0.0,0.0]},"thirdperson_lefthand":{"rotation":[0.0,-0.0,-0.0]},"firstperson_lefthand":{"rotation":[0.0,-0.0,-0.0]},"fixed":{"rotation":[0.0,0.0,0.0]},"ground":{"rotation":[0.0,0.0,0.0]},"thirdperson_righthand":{"rotation":[0.0,0.0,0.0]},"gui":{"rotation":[-150.0,-45.0,180.0]}}}