{"textures":{"1":"modelengine:entity/fireball_long","particle":"#1"},"elements":[{"from":[1.9297276,0.23049593,6.144274],"to":[1.9297276,5.897163,25.144276],"faces":{"east":{"uv":[11.25,9.75,8.25,2.125],"tintindex":0,"rotation":90,"texture":"#1"},"west":{"uv":[8.25,2.125,11.25,9.75],"tintindex":0,"rotation":90,"texture":"#1"}}}],"display":{"head":{"rotation":[-7.5508275,-12.483272,-5.7697453]},"firstperson_righthand":{"rotation":[-7.5508275,-12.483272,-5.7697453]},"thirdperson_lefthand":{"rotation":[-7.5508275,12.483272,5.7697453]},"firstperson_lefthand":{"rotation":[-7.5508275,12.483272,5.7697453]},"fixed":{"rotation":[-7.5508275,-12.483272,-5.7697453]},"ground":{"rotation":[-7.5508275,-12.483272,-5.7697453]},"thirdperson_righthand":{"rotation":[-7.5508275,-12.483272,-5.7697453]},"gui":{"rotation":[-141.28781,-32.110867,-179.47176]}}}