{"textures":{"0":"toffy/crates/toffy_crate_cinder","particle":"#0"},"elements":[{"from":[24.602594,6.234635,5.5349197],"to":[26.602594,7.7346344,8.53492],"faces":{"east":{"uv":[5.75,12.5,6.5,12.875],"tintindex":0,"rotation":0,"texture":"#0"},"south":{"uv":[11.25,12.75,11.75,13.125],"tintindex":0,"rotation":0,"texture":"#0"},"north":{"uv":[10.625,12.75,11.125,13.125],"tintindex":0,"rotation":0,"texture":"#0"},"west":{"uv":[7.875,12.5,8.625,12.875],"tintindex":0,"rotation":0,"texture":"#0"},"up":{"uv":[7.75,12.875,7.25,12.125],"tintindex":0,"rotation":0,"texture":"#0"},"down":{"uv":[12.75,6.75,12.25,7.5],"tintindex":0,"rotation":0,"texture":"#0"}},"rotation":{"origin":[26.102594,6.734635,6.5349197],"angle":-22.5,"axis":"x"}},{"from":[21.21991,7.5,8.0],"to":[22.71991,8.5,9.5],"faces":{"east":{"uv":[13.25,6.375,13.625,6.625],"tintindex":0,"rotation":0,"texture":"#0"},"south":{"uv":[13.25,8.125,13.625,8.375],"tintindex":0,"rotation":0,"texture":"#0"},"north":{"uv":[13.25,6.0,13.625,6.25],"tintindex":0,"rotation":0,"texture":"#0"},"west":{"uv":[13.25,9.0,13.625,9.25],"tintindex":0,"rotation":0,"texture":"#0"},"up":{"uv":[4.25,13.25,3.875,12.875],"tintindex":0,"rotation":0,"texture":"#0"},"down":{"uv":[13.25,4.25,12.875,4.625],"tintindex":0,"rotation":0,"texture":"#0"}},"rotation":{"origin":[26.21991,7.5,9.0],"angle":-22.5,"axis":"z"}},{"from":[22.359955,-0.027470589,1.80374],"to":[24.359955,1.9725299,5.30374],"faces":{"east":{"uv":[11.25,0.0,12.125,0.5],"tintindex":0,"rotation":0,"texture":"#0"},"south":{"uv":[12.5,12.25,13.0,12.75],"tintindex":0,"rotation":0,"texture":"#0"},"north":{"uv":[9.375,12.5,9.875,13.0],"tintindex":0,"rotation":0,"texture":"#0"},"west":{"uv":[11.25,9.0,12.125,9.5],"tintindex":0,"rotation":0,"texture":"#0"},"up":{"uv":[0.5,12.25,0.0,11.375],"tintindex":0,"rotation":0,"texture":"#0"},"down":{"uv":[1.125,11.375,0.625,12.25],"tintindex":0,"rotation":0,"texture":"#0"}},"rotation":{"origin":[21.109955,1.9725299,-2.1962605],"angle":-45.0,"axis":"x"}},{"from":[19.71991,8.0,8.0],"to":[21.21991,8.5,9.5],"faces":{"east":{"uv":[12.875,7.5,13.25,7.625],"tintindex":0,"rotation":0,"texture":"#0"},"south":{"uv":[13.375,5.25,13.75,5.375],"tintindex":0,"rotation":0,"texture":"#0"},"north":{"uv":[12.75,10.875,13.125,11.0],"tintindex":0,"rotation":0,"texture":"#0"},"west":{"uv":[5.5,13.375,5.875,13.5],"tintindex":0,"rotation":0,"texture":"#0"},"up":{"uv":[4.75,13.25,4.375,12.875],"tintindex":0,"rotation":0,"texture":"#0"},"down":{"uv":[13.25,4.75,12.875,5.125],"tintindex":0,"rotation":0,"texture":"#0"}},"rotation":{"origin":[26.21991,7.5,9.0],"angle":-22.5,"axis":"z"}},{"from":[22.71991,7.0,8.0],"to":[26.21991,8.5,9.5],"faces":{"east":{"uv":[2.875,12.875,3.25,13.25],"tintindex":0,"rotation":0,"texture":"#0"},"south":{"uv":[1.875,12.375,2.75,12.75],"tintindex":0,"rotation":0,"texture":"#0"},"north":{"uv":[0.0,12.375,0.875,12.75],"tintindex":0,"rotation":0,"texture":"#0"},"west":{"uv":[3.375,12.875,3.75,13.25],"tintindex":0,"rotation":0,"texture":"#0"},"up":{"uv":[3.75,12.75,2.875,12.375],"tintindex":0,"rotation":0,"texture":"#0"},"down":{"uv":[4.75,12.375,3.875,12.75],"tintindex":0,"rotation":0,"texture":"#0"}},"rotation":{"origin":[26.21991,7.5,9.0],"angle":-22.5,"axis":"z"}},{"from":[22.109955,2.3009548,0.63216496],"to":[24.609955,4.800955,3.132165],"faces":{"east":{"uv":[5.75,11.75,6.375,12.375],"tintindex":0,"rotation":0,"texture":"#0"},"south":{"uv":[6.5,11.75,7.125,12.375],"tintindex":0,"rotation":0,"texture":"#0"},"north":{"uv":[5.0,11.75,5.625,12.375],"tintindex":0,"rotation":0,"texture":"#0"},"west":{"uv":[8.25,11.75,8.875,12.375],"tintindex":0,"rotation":0,"texture":"#0"},"up":{"uv":[9.625,12.375,9.0,11.75],"tintindex":0,"rotation":0,"texture":"#0"},"down":{"uv":[10.375,11.75,9.75,12.375],"tintindex":0,"rotation":0,"texture":"#0"}}},{"from":[23.12772,5.77583,2.96059],"to":[27.12772,7.2758303,4.96059],"faces":{"east":{"uv":[12.75,3.75,13.25,4.125],"tintindex":0,"rotation":0,"texture":"#0"},"south":{"uv":[12.25,0.0,13.25,0.375],"tintindex":0,"rotation":0,"texture":"#0"},"north":{"uv":[12.125,11.125,13.125,11.5],"tintindex":0,"rotation":0,"texture":"#0"},"west":{"uv":[10.0,12.75,10.5,13.125],"tintindex":0,"rotation":0,"texture":"#0"},"up":{"uv":[7.5,11.625,6.5,11.125],"tintindex":0,"rotation":0,"texture":"#0"},"down":{"uv":[12.125,6.75,11.125,7.25],"tintindex":0,"rotation":0,"texture":"#0"}},"rotation":{"origin":[24.12772,6.27583,3.46059],"angle":-45.0,"axis":"y"}}],"display":{"head":{"rotation":[0.0,0.0,0.0]},"firstperson_righthand":{"rotation":[0.0,0.0,0.0]},"thirdperson_lefthand":{"rotation":[0.0,-0.0,-0.0]},"firstperson_lefthand":{"rotation":[0.0,-0.0,-0.0]},"fixed":{"rotation":[0.0,0.0,0.0]},"ground":{"rotation":[0.0,0.0,0.0]},"thirdperson_righthand":{"rotation":[0.0,0.0,0.0]},"gui":{"rotation":[-150.0,-45.0,180.0]}}}