{"textures":{"0":"toffy/crates/toffy_crate_cinder","particle":"#0"},"elements":[{"from":[11.71991,-8.054941,-4.39252],"to":[15.71991,-4.05494,2.60748],"faces":{"east":{"uv":[10.125,11.125,11.0,11.625],"tintindex":0,"rotation":0,"texture":"#0"},"south":{"uv":[8.75,12.5,9.25,13.0],"tintindex":0,"rotation":0,"texture":"#0"},"north":{"uv":[6.625,12.5,7.125,13.0],"tintindex":0,"rotation":0,"texture":"#0"},"west":{"uv":[11.125,11.125,12.0,11.625],"tintindex":0,"rotation":0,"texture":"#0"},"up":{"uv":[6.75,4.875,6.25,4.0],"tintindex":0,"rotation":0,"texture":"#0"},"down":{"uv":[8.125,11.125,7.625,12.0],"tintindex":0,"rotation":0,"texture":"#0"}},"rotation":{"origin":[18.21991,-4.05494,-12.392521],"angle":-45.0,"axis":"x"}},{"from":[6.1843796,3.5516596,-2.0788202],"to":[14.18438,6.5516605,1.9211798],"faces":{"east":{"uv":[5.375,10.625,5.875,11.0],"tintindex":0,"rotation":0,"texture":"#0"},"south":{"uv":[11.625,11.75,12.625,12.125],"tintindex":0,"rotation":0,"texture":"#0"},"north":{"uv":[10.5,11.75,11.5,12.125],"tintindex":0,"rotation":0,"texture":"#0"},"west":{"uv":[12.5,9.875,13.0,10.25],"tintindex":0,"rotation":0,"texture":"#0"},"up":{"uv":[3.125,11.5,2.125,11.0],"tintindex":0,"rotation":0,"texture":"#0"},"down":{"uv":[6.375,11.125,5.375,11.625],"tintindex":0,"rotation":0,"texture":"#0"}},"rotation":{"origin":[12.18438,4.5516596,-1.0788202],"angle":45.0,"axis":"y"}},{"from":[18.0,8.0,8.0],"to":[21.0,9.0,11.0],"faces":{"east":{"uv":[11.75,9.625,12.125,9.75],"tintindex":0,"rotation":0,"texture":"#0"},"south":{"uv":[12.25,10.875,12.625,11.0],"tintindex":0,"rotation":0,"texture":"#0"},"north":{"uv":[11.75,0.625,12.125,0.75],"tintindex":0,"rotation":0,"texture":"#0"},"west":{"uv":[10.0,12.5,10.375,12.625],"tintindex":0,"rotation":0,"texture":"#0"},"up":{"uv":[2.25,13.25,1.875,12.875],"tintindex":0,"rotation":0,"texture":"#0"},"down":{"uv":[2.75,12.875,2.375,13.25],"tintindex":0,"rotation":0,"texture":"#0"}},"rotation":{"origin":[8.0,7.0,10.0],"angle":22.5,"axis":"z"}},{"from":[7.2346296,4.4692698,3.0698395],"to":[11.23463,7.469269,9.0698395],"faces":{"east":{"uv":[12.375,8.125,13.125,8.5],"tintindex":0,"rotation":0,"texture":"#0"},"south":{"uv":[12.75,3.25,13.25,3.625],"tintindex":0,"rotation":0,"texture":"#0"},"north":{"uv":[12.625,6.25,13.125,6.625],"tintindex":0,"rotation":0,"texture":"#0"},"west":{"uv":[4.875,12.5,5.625,12.875],"tintindex":0,"rotation":0,"texture":"#0"},"up":{"uv":[1.75,12.875,1.25,12.125],"tintindex":0,"rotation":0,"texture":"#0"},"down":{"uv":[12.625,3.25,12.125,4.0],"tintindex":0,"rotation":0,"texture":"#0"}},"rotation":{"origin":[8.23463,5.4692698,5.0698395],"angle":-22.5,"axis":"x"}},{"from":[15.0,7.0,8.0],"to":[18.0,9.0,11.0],"faces":{"east":{"uv":[13.125,9.875,13.5,10.125],"tintindex":0,"rotation":0,"texture":"#0"},"south":{"uv":[13.125,12.125,13.5,12.375],"tintindex":0,"rotation":0,"texture":"#0"},"north":{"uv":[9.25,13.125,9.625,13.375],"tintindex":0,"rotation":0,"texture":"#0"},"west":{"uv":[13.125,12.5,13.5,12.75],"tintindex":0,"rotation":0,"texture":"#0"},"up":{"uv":[0.375,13.25,0.0,12.875],"tintindex":0,"rotation":0,"texture":"#0"},"down":{"uv":[0.875,12.875,0.5,13.25],"tintindex":0,"rotation":0,"texture":"#0"}},"rotation":{"origin":[8.0,7.0,10.0],"angle":22.5,"axis":"z"}},{"from":[11.21991,-3.3980904,-6.73567],"to":[16.21991,1.6019096,-1.7356701],"faces":{"east":{"uv":[11.375,3.25,12.0,3.875],"tintindex":0,"rotation":0,"texture":"#0"},"south":{"uv":[2.0,11.625,2.625,12.25],"tintindex":0,"rotation":0,"texture":"#0"},"north":{"uv":[1.25,11.375,1.875,12.0],"tintindex":0,"rotation":0,"texture":"#0"},"west":{"uv":[2.75,11.625,3.375,12.25],"tintindex":0,"rotation":0,"texture":"#0"},"up":{"uv":[4.125,12.25,3.5,11.625],"tintindex":0,"rotation":0,"texture":"#0"},"down":{"uv":[4.875,11.625,4.25,12.25],"tintindex":0,"rotation":0,"texture":"#0"}}},{"from":[8.0,6.0,8.0],"to":[15.0,9.0,11.0],"faces":{"east":{"uv":[12.75,11.625,13.125,12.0],"tintindex":0,"rotation":0,"texture":"#0"},"south":{"uv":[12.25,10.375,13.125,10.75],"tintindex":0,"rotation":0,"texture":"#0"},"north":{"uv":[12.25,9.0,13.125,9.375],"tintindex":0,"rotation":0,"texture":"#0"},"west":{"uv":[11.875,12.75,12.25,13.125],"tintindex":0,"rotation":0,"texture":"#0"},"up":{"uv":[11.375,12.625,10.5,12.25],"tintindex":0,"rotation":0,"texture":"#0"},"down":{"uv":[12.375,12.25,11.5,12.625],"tintindex":0,"rotation":0,"texture":"#0"}},"rotation":{"origin":[8.0,7.0,10.0],"angle":22.5,"axis":"z"}}],"display":{"head":{"rotation":[0.0,0.0,0.0]},"firstperson_righthand":{"rotation":[0.0,0.0,0.0]},"thirdperson_lefthand":{"rotation":[0.0,-0.0,-0.0]},"firstperson_lefthand":{"rotation":[0.0,-0.0,-0.0]},"fixed":{"rotation":[0.0,0.0,0.0]},"ground":{"rotation":[0.0,0.0,0.0]},"thirdperson_righthand":{"rotation":[0.0,0.0,0.0]},"gui":{"rotation":[-150.0,-45.0,180.0]}}}