{"textures":{"0":"toffy/crates/toffy_crate_cinder","particle":"#0"},"elements":[{"from":[-0.25,14.84314,0.20710993],"to":[0.75,16.84314,1.2071099],"faces":{"east":{"uv":[13.625,1.125,13.75,1.375],"tintindex":0,"rotation":0,"texture":"#0"},"south":{"uv":[13.625,1.5,13.75,1.75],"tintindex":0,"rotation":0,"texture":"#0"},"north":{"uv":[13.625,0.75,13.75,1.0],"tintindex":0,"rotation":0,"texture":"#0"},"west":{"uv":[13.625,3.25,13.75,3.5],"tintindex":0,"rotation":0,"texture":"#0"},"up":{"uv":[8.625,13.875,8.5,13.75],"tintindex":0,"rotation":0,"texture":"#0"},"down":{"uv":[13.875,8.625,13.75,8.75],"tintindex":0,"rotation":0,"texture":"#0"}},"rotation":{"origin":[8.0,8.84314,4.20711],"angle":45.0,"axis":"x"}},{"from":[-1.25,12.1464405,3.85356],"to":[-0.25,14.1464405,4.85356],"faces":{"east":{"uv":[13.5,13.25,13.625,13.5],"tintindex":0,"rotation":0,"texture":"#0"},"south":{"uv":[13.625,0.0,13.75,0.25],"tintindex":0,"rotation":0,"texture":"#0"},"north":{"uv":[13.5,11.625,13.625,11.875],"tintindex":0,"rotation":0,"texture":"#0"},"west":{"uv":[13.625,0.375,13.75,0.625],"tintindex":0,"rotation":0,"texture":"#0"},"up":{"uv":[7.25,13.875,7.125,13.75],"tintindex":0,"rotation":0,"texture":"#0"},"down":{"uv":[7.5,13.75,7.375,13.875],"tintindex":0,"rotation":0,"texture":"#0"}}},{"from":[0.75,12.34314,0.20710993],"to":[1.75,15.34314,1.2071099],"faces":{"east":{"uv":[4.25,13.375,4.375,13.75],"tintindex":0,"rotation":0,"texture":"#0"},"south":{"uv":[13.375,4.25,13.5,4.625],"tintindex":0,"rotation":0,"texture":"#0"},"north":{"uv":[4.0,13.375,4.125,13.75],"tintindex":0,"rotation":0,"texture":"#0"},"west":{"uv":[4.5,13.375,4.625,13.75],"tintindex":0,"rotation":0,"texture":"#0"},"up":{"uv":[13.875,6.625,13.75,6.5],"tintindex":0,"rotation":0,"texture":"#0"},"down":{"uv":[13.875,6.75,13.75,6.875],"tintindex":0,"rotation":0,"texture":"#0"}},"rotation":{"origin":[8.0,8.84314,4.20711],"angle":45.0,"axis":"x"}},{"from":[-1.7248707,9.35355,3.20711],"to":[0.27513027,10.35355,4.20711],"faces":{"east":{"uv":[13.625,7.25,13.75,7.375],"tintindex":0,"rotation":0,"texture":"#0"},"south":{"uv":[8.75,13.5,9.0,13.625],"tintindex":0,"rotation":0,"texture":"#0"},"north":{"uv":[6.875,13.5,7.125,13.625],"tintindex":0,"rotation":0,"texture":"#0"},"west":{"uv":[13.625,7.5,13.75,7.625],"tintindex":0,"rotation":0,"texture":"#0"},"up":{"uv":[9.375,13.625,9.125,13.5],"tintindex":0,"rotation":0,"texture":"#0"},"down":{"uv":[13.75,10.25,13.5,10.375],"tintindex":0,"rotation":0,"texture":"#0"}},"rotation":{"origin":[-2.7248707,10.85355,3.70711],"angle":45.0,"axis":"z"}},{"from":[2.2248697,8.35355,3.20711],"to":[3.2248697,10.35355,4.20711],"faces":{"east":{"uv":[7.25,13.375,7.375,13.625],"tintindex":0,"rotation":0,"texture":"#0"},"south":{"uv":[13.375,7.25,13.5,7.5],"tintindex":0,"rotation":0,"texture":"#0"},"north":{"uv":[12.0,10.375,12.125,10.625],"tintindex":0,"rotation":0,"texture":"#0"},"west":{"uv":[7.5,13.375,7.625,13.625],"tintindex":0,"rotation":0,"texture":"#0"},"up":{"uv":[13.75,4.0,13.625,3.875],"tintindex":0,"rotation":0,"texture":"#0"},"down":{"uv":[13.75,4.125,13.625,4.25],"tintindex":0,"rotation":0,"texture":"#0"}},"rotation":{"origin":[3.2248697,10.85355,3.70711],"angle":-45.0,"axis":"z"}},{"from":[-1.25,12.34314,0.20710993],"to":[-0.25,15.34314,1.2071099],"faces":{"east":{"uv":[13.375,4.75,13.5,5.125],"tintindex":0,"rotation":0,"texture":"#0"},"south":{"uv":[5.0,13.375,5.125,13.75],"tintindex":0,"rotation":0,"texture":"#0"},"north":{"uv":[4.75,13.375,4.875,13.75],"tintindex":0,"rotation":0,"texture":"#0"},"west":{"uv":[5.25,13.375,5.375,13.75],"tintindex":0,"rotation":0,"texture":"#0"},"up":{"uv":[13.875,8.25,13.75,8.125],"tintindex":0,"rotation":0,"texture":"#0"},"down":{"uv":[13.875,8.375,13.75,8.5],"tintindex":0,"rotation":0,"texture":"#0"}},"rotation":{"origin":[-7.5,8.84314,4.20711],"angle":45.0,"axis":"x"}},{"from":[-2.7248707,8.35355,3.20711],"to":[-1.7248707,10.35355,4.20711],"faces":{"east":{"uv":[13.375,12.875,13.5,13.125],"tintindex":0,"rotation":0,"texture":"#0"},"south":{"uv":[6.375,13.5,6.5,13.75],"tintindex":0,"rotation":0,"texture":"#0"},"north":{"uv":[8.5,13.375,8.625,13.625],"tintindex":0,"rotation":0,"texture":"#0"},"west":{"uv":[6.625,13.5,6.75,13.75],"tintindex":0,"rotation":0,"texture":"#0"},"up":{"uv":[5.875,13.75,5.75,13.625],"tintindex":0,"rotation":0,"texture":"#0"},"down":{"uv":[6.125,13.625,6.0,13.75],"tintindex":0,"rotation":0,"texture":"#0"}},"rotation":{"origin":[-2.7248707,10.85355,3.70711],"angle":45.0,"axis":"z"}},{"from":[0.2248702,9.35355,3.20711],"to":[2.2248697,10.35355,4.20711],"faces":{"east":{"uv":[13.625,4.375,13.75,4.5],"tintindex":0,"rotation":0,"texture":"#0"},"south":{"uv":[8.125,13.375,8.375,13.5],"tintindex":0,"rotation":0,"texture":"#0"},"north":{"uv":[7.75,13.375,8.0,13.5],"tintindex":0,"rotation":0,"texture":"#0"},"west":{"uv":[13.625,4.625,13.75,4.75],"tintindex":0,"rotation":0,"texture":"#0"},"up":{"uv":[13.625,8.625,13.375,8.5],"tintindex":0,"rotation":0,"texture":"#0"},"down":{"uv":[13.625,8.75,13.375,8.875],"tintindex":0,"rotation":0,"texture":"#0"}},"rotation":{"origin":[3.2248697,10.85355,3.70711],"angle":-45.0,"axis":"z"}},{"from":[-1.25,6.79289,3.20711],"to":[-0.25,9.792891,4.20711],"faces":{"east":{"uv":[0.0,13.375,0.125,13.75],"tintindex":0,"rotation":0,"texture":"#0"},"south":{"uv":[13.375,0.0,13.5,0.375],"tintindex":0,"rotation":0,"texture":"#0"},"north":{"uv":[13.25,13.25,13.375,13.625],"tintindex":0,"rotation":0,"texture":"#0"},"west":{"uv":[0.25,13.375,0.375,13.75],"tintindex":0,"rotation":0,"texture":"#0"},"up":{"uv":[13.75,5.0,13.625,4.875],"tintindex":0,"rotation":0,"texture":"#0"},"down":{"uv":[5.625,13.625,5.5,13.75],"tintindex":0,"rotation":0,"texture":"#0"}}},{"from":[0.75,12.1464405,3.85356],"to":[1.75,14.1464405,4.85356],"faces":{"east":{"uv":[13.5,10.5,13.625,10.75],"tintindex":0,"rotation":0,"texture":"#0"},"south":{"uv":[13.5,10.875,13.625,11.125],"tintindex":0,"rotation":0,"texture":"#0"},"north":{"uv":[9.5,13.5,9.625,13.75],"tintindex":0,"rotation":0,"texture":"#0"},"west":{"uv":[13.5,11.25,13.625,11.5],"tintindex":0,"rotation":0,"texture":"#0"},"up":{"uv":[7.0,13.875,6.875,13.75],"tintindex":0,"rotation":0,"texture":"#0"},"down":{"uv":[13.875,7.0,13.75,7.125],"tintindex":0,"rotation":0,"texture":"#0"}}},{"from":[0.75,6.79289,3.20711],"to":[1.75,9.792891,4.20711],"faces":{"east":{"uv":[12.5,13.25,12.625,13.625],"tintindex":0,"rotation":0,"texture":"#0"},"south":{"uv":[12.75,13.25,12.875,13.625],"tintindex":0,"rotation":0,"texture":"#0"},"north":{"uv":[6.0,2.75,6.125,3.125],"tintindex":0,"rotation":0,"texture":"#0"},"west":{"uv":[13.0,13.25,13.125,13.625],"tintindex":0,"rotation":0,"texture":"#0"},"up":{"uv":[9.0,1.25,8.875,1.125],"tintindex":0,"rotation":0,"texture":"#0"},"down":{"uv":[12.0,4.0,11.875,4.125],"tintindex":0,"rotation":0,"texture":"#0"}}},{"from":[-1.75,11.792891,3.1821098],"to":[2.25,12.792891,4.20711],"faces":{"east":{"uv":[13.625,1.875,13.75,2.0],"tintindex":0,"rotation":0,"texture":"#0"},"south":{"uv":[7.625,1.125,8.125,1.25],"tintindex":0,"rotation":0,"texture":"#0"},"north":{"uv":[7.0,1.125,7.5,1.25],"tintindex":0,"rotation":0,"texture":"#0"},"west":{"uv":[13.625,3.625,13.75,3.75],"tintindex":0,"rotation":0,"texture":"#0"},"up":{"uv":[8.75,1.25,8.25,1.125],"tintindex":0,"rotation":0,"texture":"#0"},"down":{"uv":[9.875,0.875,9.375,1.0],"tintindex":0,"rotation":0,"texture":"#0"}}}],"display":{"head":{"rotation":[0.0,0.0,0.0]},"firstperson_righthand":{"rotation":[0.0,0.0,0.0]},"thirdperson_lefthand":{"rotation":[0.0,-0.0,-0.0]},"firstperson_lefthand":{"rotation":[0.0,-0.0,-0.0]},"fixed":{"rotation":[0.0,0.0,0.0]},"ground":{"rotation":[0.0,0.0,0.0]},"thirdperson_righthand":{"rotation":[0.0,0.0,0.0]},"gui":{"rotation":[-150.0,-45.0,180.0]}}}