{"textures":{"0":"modelengine:entity/cubee-soul_weaver","particle":"#0"},"elements":[{"from":[5.3915,2.7942657E-4,7.62709],"to":[5.7244997,0.999279,8.071091],"faces":{"east":{"uv":[0.625,8.0,0.6875,8.125],"tintindex":0,"rotation":0,"texture":"#0"},"south":{"uv":[8.0,0.625,8.0625,0.75],"tintindex":0,"rotation":0,"texture":"#0"},"north":{"uv":[8.0,0.5,8.0625,0.625],"tintindex":0,"rotation":0,"texture":"#0"},"west":{"uv":[0.75,8.0,0.8125,8.125],"tintindex":0,"rotation":0,"texture":"#0"},"up":{"uv":[3.5625,8.1875,3.5,8.125],"tintindex":0,"rotation":0,"texture":"#0"},"down":{"uv":[8.1875,3.5,8.125,3.5625],"tintindex":0,"rotation":0,"texture":"#0"}},"rotation":{"origin":[6.6124997,-0.97097015,7.79359],"angle":-45.0,"axis":"z"}},{"from":[9.67602,-2.1588802,7.69922],"to":[10.00902,-1.714881,8.69822],"faces":{"east":{"uv":[3.125,8.0,3.25,8.0625],"tintindex":0,"rotation":0,"texture":"#0"},"south":{"uv":[8.125,5.625,8.1875,5.6875],"tintindex":0,"rotation":0,"texture":"#0"},"north":{"uv":[5.625,8.125,5.6875,8.1875],"tintindex":0,"rotation":0,"texture":"#0"},"west":{"uv":[3.25,8.0,3.375,8.0625],"tintindex":0,"rotation":0,"texture":"#0"},"up":{"uv":[3.4375,8.125,3.375,8.0],"tintindex":0,"rotation":0,"texture":"#0"},"down":{"uv":[3.5625,8.0,3.5,8.125],"tintindex":0,"rotation":0,"texture":"#0"}},"rotation":{"origin":[9.7731495,-1.9368801,7.8379703],"angle":45.0,"axis":"y"}},{"from":[5.54708,-1.2708807,7.81576],"to":[5.8800797,-0.82688046,8.81476],"faces":{"east":{"uv":[2.125,8.0,2.25,8.0625],"tintindex":0,"rotation":0,"texture":"#0"},"south":{"uv":[8.125,5.0,8.1875,5.0625],"tintindex":0,"rotation":0,"texture":"#0"},"north":{"uv":[5.0,8.125,5.0625,8.1875],"tintindex":0,"rotation":0,"texture":"#0"},"west":{"uv":[2.25,8.0,2.375,8.0625],"tintindex":0,"rotation":0,"texture":"#0"},"up":{"uv":[2.4375,8.125,2.375,8.0],"tintindex":0,"rotation":0,"texture":"#0"},"down":{"uv":[2.5625,8.0,2.5,8.125],"tintindex":0,"rotation":0,"texture":"#0"}},"rotation":{"origin":[6.12983,-0.7158804,8.39851],"angle":-22.5,"axis":"y"}},{"from":[5.9909797,-2.1588802,7.69922],"to":[6.32398,-1.714881,8.69822],"faces":{"east":{"uv":[2.625,8.0,2.75,8.0625],"tintindex":0,"rotation":0,"texture":"#0"},"south":{"uv":[8.125,5.25,8.1875,5.3125],"tintindex":0,"rotation":0,"texture":"#0"},"north":{"uv":[5.25,8.125,5.3125,8.1875],"tintindex":0,"rotation":0,"texture":"#0"},"west":{"uv":[2.75,8.0,2.875,8.0625],"tintindex":0,"rotation":0,"texture":"#0"},"up":{"uv":[2.9375,8.125,2.875,8.0],"tintindex":0,"rotation":0,"texture":"#0"},"down":{"uv":[3.0625,8.0,3.0,8.125],"tintindex":0,"rotation":0,"texture":"#0"}},"rotation":{"origin":[6.22685,-1.9368801,7.8379703],"angle":-45.0,"axis":"y"}},{"from":[5.9909797,-2.1588802,7.25522],"to":[7.48948,-1.714881,7.69922],"faces":{"east":{"uv":[5.375,8.125,5.4375,8.1875],"tintindex":0,"rotation":0,"texture":"#0"},"south":{"uv":[7.875,5.0,8.0625,5.0625],"tintindex":0,"rotation":0,"texture":"#0"},"north":{"uv":[7.875,4.875,8.0625,4.9375],"tintindex":0,"rotation":0,"texture":"#0"},"west":{"uv":[8.125,5.375,8.1875,5.4375],"tintindex":0,"rotation":0,"texture":"#0"},"up":{"uv":[8.0625,5.1875,7.875,5.125],"tintindex":0,"rotation":0,"texture":"#0"},"down":{"uv":[8.0625,5.25,7.875,5.3125],"tintindex":0,"rotation":0,"texture":"#0"}},"rotation":{"origin":[6.22685,-1.9368801,7.8379703],"angle":-45.0,"axis":"y"}},{"from":[7.1675,-2.58047,7.07209],"to":[8.8324995,-0.80447006,8.348591],"faces":{"east":{"uv":[7.625,2.75,7.8125,3.0],"tintindex":0,"rotation":0,"texture":"#0"},"south":{"uv":[7.625,3.0,7.8125,3.25],"tintindex":0,"rotation":0,"texture":"#0"},"north":{"uv":[2.625,7.625,2.8125,7.875],"tintindex":0,"rotation":0,"texture":"#0"},"west":{"uv":[7.625,3.5,7.8125,3.75],"tintindex":0,"rotation":0,"texture":"#0"},"up":{"uv":[7.9375,0.4375,7.75,0.25],"tintindex":0,"rotation":0,"texture":"#0"},"down":{"uv":[7.9375,0.5,7.75,0.6875],"tintindex":0,"rotation":0,"texture":"#0"}}},{"from":[8.95442,-1.2708807,7.3717604],"to":[10.45292,-0.82688046,7.81576],"faces":{"east":{"uv":[8.125,5.875,8.1875,5.9375],"tintindex":0,"rotation":0,"texture":"#0"},"south":{"uv":[7.875,5.75,8.0625,5.8125],"tintindex":0,"rotation":0,"texture":"#0"},"north":{"uv":[7.875,5.625,8.0625,5.6875],"tintindex":0,"rotation":0,"texture":"#0"},"west":{"uv":[8.125,6.0,8.1875,6.0625],"tintindex":0,"rotation":0,"texture":"#0"},"up":{"uv":[8.0625,5.9375,7.875,5.875],"tintindex":0,"rotation":0,"texture":"#0"},"down":{"uv":[8.0625,6.0,7.875,6.0625],"tintindex":0,"rotation":0,"texture":"#0"}},"rotation":{"origin":[9.87017,-0.7158804,8.39851],"angle":22.5,"axis":"y"}},{"from":[7.25476,-2.111681,7.62709],"to":[8.4757595,-1.6676807,8.071091],"faces":{"east":{"uv":[8.125,4.375,8.1875,4.4375],"tintindex":0,"rotation":0,"texture":"#0"},"south":{"uv":[1.75,8.0,1.875,8.0625],"tintindex":0,"rotation":0,"texture":"#0"},"north":{"uv":[1.625,8.0,1.75,8.0625],"tintindex":0,"rotation":0,"texture":"#0"},"west":{"uv":[4.5,8.125,4.5625,8.1875],"tintindex":0,"rotation":0,"texture":"#0"},"up":{"uv":[2.0,8.0625,1.875,8.0],"tintindex":0,"rotation":0,"texture":"#0"},"down":{"uv":[2.125,8.0,2.0,8.0625],"tintindex":0,"rotation":0,"texture":"#0"}},"rotation":{"origin":[8.0,-3.0234108,7.84909],"angle":45.0,"axis":"z"}},{"from":[8.41224,-2.5556803,7.62709],"to":[8.74524,-2.111681,8.071091],"faces":{"east":{"uv":[4.125,8.125,4.1875,8.1875],"tintindex":0,"rotation":0,"texture":"#0"},"south":{"uv":[8.125,4.125,8.1875,4.1875],"tintindex":0,"rotation":0,"texture":"#0"},"north":{"uv":[8.125,4.0,8.1875,4.0625],"tintindex":0,"rotation":0,"texture":"#0"},"west":{"uv":[4.25,8.125,4.3125,8.1875],"tintindex":0,"rotation":0,"texture":"#0"},"up":{"uv":[8.1875,4.3125,8.125,4.25],"tintindex":0,"rotation":0,"texture":"#0"},"down":{"uv":[4.4375,8.125,4.375,8.1875],"tintindex":0,"rotation":0,"texture":"#0"}},"rotation":{"origin":[8.0,-3.0234108,7.84909],"angle":-45.0,"axis":"z"}},{"from":[7.2784996,-0.13847065,7.68259],"to":[8.0,0.36102962,8.293091],"faces":{"east":{"uv":[8.125,6.125,8.1875,6.1875],"tintindex":0,"rotation":0,"texture":"#0"},"south":{"uv":[6.25,8.125,6.3125,8.1875],"tintindex":0,"rotation":0,"texture":"#0"},"north":{"uv":[6.125,8.125,6.1875,8.1875],"tintindex":0,"rotation":0,"texture":"#0"},"west":{"uv":[8.125,6.25,8.1875,6.3125],"tintindex":0,"rotation":0,"texture":"#0"},"up":{"uv":[6.4375,8.1875,6.375,8.125],"tintindex":0,"rotation":0,"texture":"#0"},"down":{"uv":[8.1875,6.375,8.125,6.4375],"tintindex":0,"rotation":0,"texture":"#0"}},"rotation":{"origin":[7.58375,0.11127949,7.98784],"angle":22.5,"axis":"z"}},{"from":[7.4449997,-0.80447006,7.12759],"to":[8.554999,0.19452953,8.237591],"faces":{"east":{"uv":[6.125,4.75,6.25,4.875],"tintindex":0,"rotation":0,"texture":"#0"},"south":{"uv":[5.625,6.375,5.75,6.5],"tintindex":0,"rotation":0,"texture":"#0"},"north":{"uv":[1.625,6.125,1.75,6.25],"tintindex":0,"rotation":0,"texture":"#0"},"west":{"uv":[0.25,6.5,0.375,6.625],"tintindex":0,"rotation":0,"texture":"#0"},"up":{"uv":[6.75,2.875,6.625,2.75],"tintindex":0,"rotation":0,"texture":"#0"},"down":{"uv":[0.75,7.0,0.625,7.125],"tintindex":0,"rotation":0,"texture":"#0"}}},{"from":[7.75,-0.41869068,7.74682],"to":[8.25,8.58131,8.24682],"faces":{"east":{"uv":[6.875,7.25,6.9375,8.375],"tintindex":0,"rotation":0,"texture":"#0"},"south":{"uv":[7.0,7.25,7.0625,8.375],"tintindex":0,"rotation":0,"texture":"#0"},"north":{"uv":[3.75,7.125,3.8125,8.25],"tintindex":0,"rotation":0,"texture":"#0"},"west":{"uv":[0.25,7.375,0.3125,8.5],"tintindex":0,"rotation":0,"texture":"#0"},"up":{"uv":[8.1875,6.9375,8.125,6.875],"tintindex":0,"rotation":0,"texture":"#0"},"down":{"uv":[8.1875,7.0,8.125,7.0625],"tintindex":0,"rotation":0,"texture":"#0"}}},{"from":[5.3915,-0.44372082,7.62709],"to":[7.1675,2.7942657E-4,8.071091],"faces":{"east":{"uv":[3.375,8.125,3.4375,8.1875],"tintindex":0,"rotation":0,"texture":"#0"},"south":{"uv":[7.875,2.125,8.125,2.1875],"tintindex":0,"rotation":0,"texture":"#0"},"north":{"uv":[7.875,2.0,8.125,2.0625],"tintindex":0,"rotation":0,"texture":"#0"},