{"textures":{"0":"modelengine:entity/cubee-soul_weaver","particle":"#0"},"elements":[{"from":[3.3766203,17.430769,0.6691003],"to":[4.59762,17.87477,1.1131],"faces":{"east":{"uv":[1.625,8.25,1.6875,8.3125],"tintindex":0,"rotation":0,"texture":"#0"},"south":{"uv":[7.25,8.0,7.375,8.0625],"tintindex":0,"rotation":0,"texture":"#0"},"north":{"uv":[7.125,8.0,7.25,8.0625],"tintindex":0,"rotation":0,"texture":"#0"},"west":{"uv":[8.25,1.625,8.3125,1.6875],"tintindex":0,"rotation":0,"texture":"#0"},"up":{"uv":[7.5,8.0625,7.375,8.0],"tintindex":0,"rotation":0,"texture":"#0"},"down":{"uv":[7.625,8.0,7.5,8.0625],"tintindex":0,"rotation":0,"texture":"#0"}},"rotation":{"origin":[2.46767,17.57942,0.64012],"angle":-45.0,"axis":"y"}},{"from":[3.49267,8.01425,7.45621],"to":[12.49267,12.01425,11.45621],"faces":{"east":{"uv":[2.375,5.75,2.875,6.25],"tintindex":0,"rotation":0,"texture":"#0"},"south":{"uv":[4.25,0.75,5.375,1.25],"tintindex":0,"rotation":0,"texture":"#0"},"north":{"uv":[4.25,0.25,5.375,0.75],"tintindex":0,"rotation":0,"texture":"#0"},"west":{"uv":[2.875,5.75,3.375,6.25],"tintindex":0,"rotation":0,"texture":"#0"},"up":{"uv":[5.375,1.75,4.25,1.25],"tintindex":0,"rotation":0,"texture":"#0"},"down":{"uv":[5.375,1.75,4.25,2.25],"tintindex":0,"rotation":0,"texture":"#0"}}},{"from":[1.63517,17.15327,0.37945032],"to":[3.30017,18.42977,2.1554503],"faces":{"east":{"uv":[7.625,3.75,7.875,3.9375],"tintindex":0,"rotation":0,"texture":"#0"},"south":{"uv":[7.75,1.0,7.9375,1.1875],"tintindex":0,"rotation":0,"texture":"#0"},"north":{"uv":[7.75,0.75,7.9375,0.9375],"tintindex":0,"rotation":0,"texture":"#0"},"west":{"uv":[3.875,7.625,4.125,7.8125],"tintindex":0,"rotation":0,"texture":"#0"},"up":{"uv":[7.8125,4.625,7.625,4.375],"tintindex":0,"rotation":0,"texture":"#0"},"down":{"uv":[4.6875,7.625,4.5,7.875],"tintindex":0,"rotation":0,"texture":"#0"}}},{"from":[2.5604,17.35877,-1.0552998],"to":[3.2819,17.96927,-0.5557995],"faces":{"east":{"uv":[8.125,7.125,8.1875,7.1875],"tintindex":0,"rotation":0,"texture":"#0"},"south":{"uv":[7.25,8.125,7.3125,8.1875],"tintindex":0,"rotation":0,"texture":"#0"},"north":{"uv":[7.125,8.125,7.1875,8.1875],"tintindex":0,"rotation":0,"texture":"#0"},"west":{"uv":[8.125,7.25,8.1875,7.3125],"tintindex":0,"rotation":0,"texture":"#0"},"up":{"uv":[7.4375,8.1875,7.375,8.125],"tintindex":0,"rotation":0,"texture":"#0"},"down":{"uv":[8.1875,7.375,8.125,7.4375],"tintindex":0,"rotation":0,"texture":"#0"}},"rotation":{"origin":[2.6676702,17.666649,-0.33878994],"angle":22.5,"axis":"x"}},{"from":[3.49267,8.01425,4.45621],"to":[12.49267,14.01425,7.45621],"faces":{"east":{"uv":[4.75,5.625,5.125,6.375],"tintindex":0,"rotation":0,"texture":"#0"},"south":{"uv":[3.125,3.375,4.25,4.125],"tintindex":0,"rotation":0,"texture":"#0"},"north":{"uv":[2.0,3.375,3.125,4.125],"tintindex":0,"rotation":0,"texture":"#0"},"west":{"uv":[0.0,5.75,0.375,6.5],"tintindex":0,"rotation":0,"texture":"#0"},"up":{"uv":[2.5,5.375,1.375,5.0],"tintindex":0,"rotation":0,"texture":"#0"},"down":{"uv":[3.625,5.0,2.5,5.375],"tintindex":0,"rotation":0,"texture":"#0"}}},{"from":[0.33929014,16.00766,0.40187025],"to":[0.67228985,17.00666,0.84587],"faces":{"east":{"uv":[6.125,8.0,6.1875,8.125],"tintindex":0,"rotation":0,"texture":"#0"},"south":{"uv":[6.25,8.0,6.3125,8.125],"tintindex":0,"rotation":0,"texture":"#0"},"north":{"uv":[5.75,8.0,5.8125,8.125],"tintindex":0,"rotation":0,"texture":"#0"},"west":{"uv":[8.0,6.25,8.0625,6.375],"tintindex":0,"rotation":0,"texture":"#0"},"up":{"uv":[0.6875,8.3125,0.625,8.25],"tintindex":0,"rotation":0,"texture":"#0"},"down":{"uv":[8.3125,0.625,8.25,0.6875],"tintindex":0,"rotation":0,"texture":"#0"}},"rotation":{"origin":[2.46767,17.57942,0.64012],"angle":-22.5,"axis":"z"}},{"from":[2.51858,16.5241,1.08987],"to":[4.0170803,16.9681,1.5338702],"faces":{"east":{"uv":[8.25,0.0,8.3125,0.0625],"tintindex":0,"rotation":0,"texture":"#0"},"south":{"uv":[6.625,7.875,6.8125,7.9375],"tintindex":0,"rotation":0,"texture":"#0"},"north":{"uv":[7.875,6.5,8.0625,6.5625],"tintindex":0,"rotation":0,"texture":"#0"},"west":{"uv":[0.125,8.25,0.1875,8.3125],"tintindex":0,"rotation":0,"texture":"#0"},"up":{"uv":[8.0625,6.6875,7.875,6.625],"tintindex":0,"rotation":0,"texture":"#0"},"down":{"uv":[8.0625,6.75,7.875,6.8125],"tintindex":0,"rotation":0,"texture":"#0"}},"rotation":{"origin":[2.46767,17.57942,0.44012022],"angle":45.0,"axis":"z"}},{"from":[0.33771992,17.430769,0.6691003],"to":[1.5587201,17.87477,1.1131],"faces":{"east":{"uv":[1.125,8.25,1.1875,8.3125],"tintindex":0,"rotation":0,"texture":"#0"},"south":{"uv":[6.5,8.0,6.625,8.0625],"tintindex":0,"rotation":0,"texture":"#0"},"north":{"uv":[6.375,8.0,6.5,8.0625],"tintindex":0,"rotation":0,"texture":"#0"},"west":{"uv":[8.25,1.125,8.3125,1.1875],"tintindex":0,"rotation":0,"texture":"#0"},"up":{"uv":[6.75,8.0625,6.625,8.0],"tintindex":0,"rotation":0,"texture":"#0"},"down":{"uv":[6.875,8.0,6.75,8.0625],"tintindex":0,"rotation":0,"texture":"#0"}},"rotation":{"origin":[2.46767,17.57942,0.64012],"angle":45.0,"axis":"y"}},{"from":[0.9182601,16.5241,1.08987],"to":[2.41676,16.9681,1.5338702],"faces":{"east":{"uv":[8.25,0.125,8.3125,0.1875],"tintindex":0,"rotation":0,"texture":"#0"},"south":{"uv":[7.375,7.875,7.5625,7.9375],"tintindex":0,"rotation":0,"texture":"#0"},"north":{"uv":[7.125,7.875,7.3125,7.9375],"tintindex":0,"rotation":0,"texture":"#0"},"west":{"uv":[8.25,0.25,8.3125,0.3125],"tintindex":0,"rotation":0,"texture":"#0"},"up":{"uv":[8.0625,7.4375,7.875,7.375],"tintindex":0,"rotation":0,"texture":"#0"},"down":{"uv":[8.0625,7.5,7.875,7.5625],"tintindex":0,"rotation":0,"texture":"#0"}},"rotation":{"origin":[2.46767,17.57942,0.44012022],"angle":-45.0,"axis":"z"}},{"from":[0.19896984,17.430769,-0.41559982],"to":[0.53197,17.87477,0.58340025],"faces":{"east":{"uv":[8.125,0.25,8.25,0.3125],"tintindex":0,"rotation":0,"texture":"#0"},"south":{"uv":[8.25,2.0,8.3125,2.0625],"tintindex":0,"rotation":0,"texture":"#0"},"north":{"uv":[2.0,8.25,2.0625,8.3125],"tintindex":0,"rotation":0,"texture":"#0"},"west":{"uv":[8.125,0.375,8.25,0.4375],"tintindex":0,"rotation":0,"texture":"#0"},"up":{"uv":[0.5625,8.25,0.5,8.125],"tintindex":0,"rotation":0,"texture":"#0"},"down":{"uv":[8.1875,0.5,8.125,0.625],"tintindex":0,"rotation":0,"texture":"#0"}},"rotation":{"origin":[2.46767,17.57942,0.64012],"angle":-45.0,"axis":"y"}},{"from":[4.40337,17.430769,-0.41559982],"to":[4.73637,17.87477,0.58340025],"faces":{"east":{"uv":[7.625,8.0,7.75,8.0625],"tintindex":0,"rotation":0,"texture":"#0"},"south":{"uv":[8.25,1.75,8.3125,1.8125],"tintindex":0,"rotation":0,"texture":"#0"},"north":{"uv":[1.75,8.25,1.8125,8.3125],"tintindex":0,"rotation":0,"texture":"#0"},"west":{"uv":[7.75,8.0,7.875,8.0625],"tintindex":0,"rotation":0,"texture":"#0"},"up":{"uv":[7.9375,8.125,7.875,8.0],"tintindex":0,"rotation":0,"texture":"#0"},"down":{"uv":[8.0625,8.0,8.0,8.125],"tintindex":0,"rotation":0,"texture":"#0"}},"rotation":{"origin":[2.46767,17.57942,0.64012],"angle":45.0,"axis":"y"}},{"from":[1.65344,17.35877,-1.0552998],"to":[2.37494,17.96927,-0.5557995],"faces":{"east":{"uv":[8.125,7.5,8.1875,7.5625],"tintindex":0,"rotation":0,"texture":"#0"},"south":{"uv":[7.625,8.125,7.6875,8.1875],"tintindex":0,"rotation":0,"texture":"#0"},"north":{"uv":[7.5,8.125,7.5625,8.1875],"tintindex":0,"rotation":0,"texture":"#0"},"west":{"uv":[8.125,7.625,8.1875,7.6875],"tintindex":0,"rotation":0,"texture":"#0"},"up":{"uv":[7.8125,8.1875,7.75,8.125],"tintindex":0,"rotation":0,"texture":"#0"},"down":{"uv":[8.1875,7.75,8.125,7.8125],"tintindex":0,"rotation":0,"texture":"#0"}},"rotation":{"origin":[2.2676702,17.666649,-0.33878994],"angle":22.5,"axis":"x"}},{"from":[4.26305,16.00766,0.40187025],"to":[4.5960503,17.00666,0.84587],"faces":{"east":{"uv":[4.25,8.0,4.3125,8.125],"tintindex":0,"rotation":0,"texture":"#0"},"south":{"uv":[4.5,8.0,4.5625,8.125],"tintindex":0,"rotation":0,"texture":"#0"},"north":{"uv":[4.125,8.0,4.1875,8.125],"tintindex":0,"rotation":0,"texture":"#0"},"west":{"uv":[4.625,8.0,4.6875,8.125],"tintindex":0,