{"textures":{"0":"modelengine:entity/vfx_earth_shift_large","particle":"#0"},"elements":[{"from":[-3.0714283,-3.0974731,-6.6187305],"to":[-0.0714283,8.902527,11.381269],"faces":{"east":{"uv":[0.0,8.5,2.25,10.0],"tintindex":0,"rotation":0,"texture":"#0"},"south":{"uv":[8.25,14.125,8.625,15.625],"tintindex":0,"rotation":0,"texture":"#0"},"north":{"uv":[14.125,5.0,14.5,6.5],"tintindex":0,"rotation":0,"texture":"#0"},"west":{"uv":[8.625,8.0,10.875,9.5],"tintindex":0,"rotation":0,"texture":"#0"},"up":{"uv":[13.875,15.125,13.5,12.875],"tintindex":0,"rotation":0,"texture":"#0"},"down":{"uv":[14.0,5.125,13.625,7.375],"tintindex":0,"rotation":0,"texture":"#0"}},"rotation":{"origin":[8.678572,5.652527,11.131269],"angle":45.0,"axis":"x"}},{"from":[-8.121428,0.3227501,4.7686644],"to":[-3.021428,8.32275,24.768665],"faces":{"east":{"uv":[9.25,5.5,11.75,6.5],"tintindex":0,"rotation":0,"texture":"#0"},"south":{"uv":[13.875,1.625,14.5,2.625],"tintindex":0,"rotation":0,"texture":"#0"},"north":{"uv":[13.625,7.5,14.25,8.5],"tintindex":0,"rotation":0,"texture":"#0"},"west":{"uv":[9.25,6.625,11.75,7.625],"tintindex":0,"rotation":0,"texture":"#0"},"up":{"uv":[12.5,7.5,11.875,5.0],"tintindex":0,"rotation":0,"texture":"#0"},"down":{"uv":[6.875,12.0,6.25,14.5],"tintindex":0,"rotation":0,"texture":"#0"}},"rotation":{"origin":[-4.5714283,4.32275,12.768663],"angle":22.5,"axis":"x"}},{"from":[-8.071428,-1.0974731,-1.6187305],"to":[-3.0714283,6.902527,13.381269],"faces":{"east":{"uv":[6.25,10.875,8.125,11.875],"tintindex":0,"rotation":0,"texture":"#0"},"south":{"uv":[13.875,3.875,14.5,4.875],"tintindex":0,"rotation":0,"texture":"#0"},"north":{"uv":[13.875,2.75,14.5,3.75],"tintindex":0,"rotation":0,"texture":"#0"},"west":{"uv":[10.625,10.875,12.5,11.875],"tintindex":0,"rotation":0,"texture":"#0"},"up":{"uv":[13.125,4.125,12.5,2.25],"tintindex":0,"rotation":0,"texture":"#0"},"down":{"uv":[3.0,12.5,2.375,14.375],"tintindex":0,"rotation":0,"texture":"#0"}},"rotation":{"origin":[8.678572,5.652527,11.131269],"angle":45.0,"axis":"x"}},{"from":[13.878571,0.74453354,6.6482115],"to":[20.978573,10.744534,23.648212],"faces":{"east":{"uv":[9.125,2.75,11.25,4.0],"tintindex":0,"rotation":0,"texture":"#0"},"south":{"uv":[12.75,0.0,13.625,1.25],"tintindex":0,"rotation":0,"texture":"#0"},"north":{"uv":[12.5,9.375,13.375,10.625],"tintindex":0,"rotation":0,"texture":"#0"},"west":{"uv":[9.25,4.125,11.375,5.375],"tintindex":0,"rotation":0,"texture":"#0"},"up":{"uv":[12.375,4.875,11.5,2.75],"tintindex":0,"rotation":0,"texture":"#0"},"down":{"uv":[12.625,0.0,11.75,2.125],"tintindex":0,"rotation":0,"texture":"#0"}},"rotation":{"origin":[3.9285712,6.7445335,12.148211],"angle":22.5,"axis":"x"}},{"from":[9.928572,-5.097473,-12.618731],"to":[13.928572,10.902527,11.381269],"faces":{"east":{"uv":[3.125,0.0,6.125,2.0],"tintindex":0,"rotation":0,"texture":"#0"},"south":{"uv":[13.0,10.75,13.5,12.75],"tintindex":0,"rotation":0,"texture":"#0"},"north":{"uv":[13.0,6.625,13.5,8.625],"tintindex":0,"rotation":0,"texture":"#0"},"west":{"uv":[3.125,2.125,6.125,4.125],"tintindex":0,"rotation":0,"texture":"#0"},"up":{"uv":[7.5,15.0,7.0,12.0],"tintindex":0,"rotation":0,"texture":"#0"},"down":{"uv":[8.125,12.0,7.625,15.0],"tintindex":0,"rotation":0,"texture":"#0"}},"rotation":{"origin":[8.678572,5.652527,11.131269],"angle":45.0,"axis":"x"}},{"from":[5.8785715,0.74453354,-1.3517885],"to":[9.978571,14.744534,23.648212],"faces":{"east":{"uv":[6.0,4.25,9.125,6.0],"tintindex":0,"rotation":0,"texture":"#0"},"south":{"uv":[13.25,3.25,13.75,5.0],"tintindex":0,"rotation":0,"texture":"#0"},"north":{"uv":[13.25,1.375,13.75,3.125],"tintindex":0,"rotation":0,"texture":"#0"},"west":{"uv":[6.0,6.125,9.125,7.875],"tintindex":0,"rotation":0,"texture":"#0"},"up":{"uv":[2.25,13.25,1.75,10.125],"tintindex":0,"rotation":0,"texture":"#0"},"down":{"uv":[8.75,10.875,8.25,14.0],"tintindex":0,"rotation":0,"texture":"#0"}},"rotation":{"origin":[7.928571,6.7445335,12.148211],"angle":22.5,"axis":"x"}},{"from":[-0.0714283,-5.097473,-10.618731],"to":[5.9285717,10.902527,11.381269],"faces":{"east":{"uv":[3.125,4.25,5.875,6.25],"tintindex":0,"rotation":0,"texture":"#0"},"south":{"uv":[11.5,12.0,12.25,14.0],"tintindex":0,"rotation":0,"texture":"#0"},"north":{"uv":[10.625,12.0,11.375,14.0],"tintindex":0,"rotation":0,"texture":"#0"},"west":{"uv":[0.0,4.75,2.75,6.75],"tintindex":0,"rotation":0,"texture":"#0"},"up":{"uv":[0.75,12.875,0.0,10.125],"tintindex":0,"rotation":0,"texture":"#0"},"down":{"uv":[1.625,10.125,0.875,12.875],"tintindex":0,"rotation":0,"texture":"#0"}},"rotation":{"origin":[8.678572,5.652527,11.131269],"angle":45.0,"axis":"x"}},{"from":[20.87857,0.74453354,6.6482115],"to":[24.97857,9.744534,23.648212],"faces":{"east":{"uv":[4.375,9.625,6.5,10.75],"tintindex":0,"rotation":0,"texture":"#0"},"south":{"uv":[14.0,13.5,14.5,14.625],"tintindex":0,"rotation":0,"texture":"#0"},"north":{"uv":[14.0,12.25,14.5,13.375],"tintindex":0,"rotation":0,"texture":"#0"},"west":{"uv":[6.625,9.625,8.75,10.75],"tintindex":0,"rotation":0,"texture":"#0"},"up":{"uv":[0.5,15.125,0.0,13.0],"tintindex":0,"rotation":0,"texture":"#0"},"down":{"uv":[1.125,13.0,0.625,15.125],"tintindex":0,"rotation":0,"texture":"#0"}},"rotation":{"origin":[3.9285712,6.7445335,12.148211],"angle":22.5,"axis":"x"}},{"from":[-3.1214285,0.74453354,3.6482115],"to":[-0.021428108,10.744534,23.648212],"faces":{"east":{"uv":[9.125,0.0,11.625,1.25],"tintindex":0,"rotation":0,"texture":"#0"},"south":{"uv":[8.75,14.125,9.125,15.375],"tintindex":0,"rotation":0,"texture":"#0"},"north":{"uv":[14.125,8.625,14.5,9.875],"tintindex":0,"rotation":0,"texture":"#0"},"west":{"uv":[9.125,1.375,11.625,2.625],"tintindex":0,"rotation":0,"texture":"#0"},"up":{"uv":[1.625,15.5,1.25,13.0],"tintindex":0,"rotation":0,"texture":"#0"},"down":{"uv":[13.375,12.875,13.0,15.375],"tintindex":0,"rotation":0,"texture":"#0"}},"rotation":{"origin":[-2.0714283,6.7445335,12.148211],"angle":22.5,"axis":"x"}},{"from":[13.928572,-4.097473,-10.618731],"to":[20.928572,8.902527,11.381269],"faces":{"east":{"uv":[6.25,0.0,9.0,1.625],"tintindex":0,"rotation":0,"texture":"#0"},"south":{"uv":[12.0,7.625,12.875,9.25],"tintindex":0,"rotation":0,"texture":"#0"},"north":{"uv":[11.0,7.75,11.875,9.375],"tintindex":0,"rotation":0,"texture":"#0"},"west":{"uv":[6.25,1.75,9.0,3.375],"tintindex":0,"rotation":0,"texture":"#0"},"up":{"uv":[3.25,12.375,2.375,9.625],"tintindex":0,"rotation":0,"texture":"#0"},"down":{"uv":[4.25,9.625,3.375,12.375],"tintindex":0,"rotation":0,"texture":"#0"}},"rotation":{"origin":[8.678572,5.652527,11.131269],"angle":45.0,"axis":"x"}},{"from":[5.9285717,-5.097473,-12.618731],"to":[9.928572,12.902526,11.381269],"faces":{"east":{"uv":[0.0,0.0,3.0,2.25],"tintindex":0,"rotation":0,"texture":"#0"},"south":{"uv":[12.625,4.25,13.125,6.5],"tintindex":0,"rotation":0,"texture":"#0"},"north":{"uv":[9.75,12.5,10.25,14.75],"tintindex":0,"rotation":0,"texture":"#0"},"west":{"uv":[0.0,2.375,3.0,4.625],"tintindex":0,"rotation":0,"texture":"#0"},"up":{"uv":[4.875,15.125,4.375,12.125],"tintindex":0,"rotation":0,"texture":"#0"},"down":{"uv":[5.5,12.125,5.0,15.125],"tintindex":0,"rotation":0,"texture":"#0"}},"rotation":{"origin":[8.678572,5.652527,11.131269],"angle":45.0,"axis":"x"}},{"from":[20.928572,-1.0974731,-2.6187305],"to":[24.928572,7.902527,11.381269],"faces":{"east":{"uv":[10.625,9.625,12.375,10.75],"tintindex":0,"rotation":0,"texture":"#0"},"south":{"uv":[3.75,14.125,4.25,15.25],"tintindex":0,"rotation":0,"texture":"#0"},"north":{"uv":[3.125,14.125,3.625,15.25],"tintindex":0,"rotation":0,"texture":"#0"},"west":{"uv":[4.375,10.875,6.125,12.0],"tintindex":0,"rotation":0,"texture":"#0"},"up":{"uv":[2.25,15.125,1.75,13.375],"tintindex":0,"rotation":0,"texture":"#0"},"down":{"uv":[14.0,8.75,13.5,10.5],"tintindex":0,"rotation":0,"texture":"#0"}},"rotation":{"origin":[8.678572,5.652527,11.131269],"angle":45.0,"axis":"x"}},{"from":[-0.12142849,0.74453354,1.6482115],"to":[5.9785714,12.744534,23.648212],"faces":{"east":{"uv":[2.875,6.375,5.625,7.875],