{"textures":{"0":"modelengine:entity/vfx_earth_wave","particle":"#0"},"elements":[{"from":[4.48,20.882917,-0.79870033],"to":[10.4800005,27.882917,15.201299],"faces":{"east":{"uv":[8.375,8.25,10.375,9.125],"tintindex":0,"rotation":0,"texture":"#0"},"south":{"uv":[6.75,12.75,7.375,13.625],"tintindex":0,"rotation":0,"texture":"#0"},"north":{"uv":[12.25,12.5,12.875,13.375],"tintindex":0,"rotation":0,"texture":"#0"},"west":{"uv":[10.375,8.25,8.375,9.125],"tintindex":0,"rotation":0,"texture":"#0"},"up":{"uv":[8.875,13.25,8.125,11.25],"tintindex":0,"rotation":0,"texture":"#0"},"down":{"uv":[12.125,3.5,11.375,5.5],"tintindex":0,"rotation":0,"texture":"#0"}}},{"from":[4.4300003,22.678635,-9.530884],"to":[10.505,30.678637,6.4691157],"faces":{"east":{"uv":[6.25,5.0,8.25,6.0],"tintindex":0,"rotation":0,"texture":"#0"},"south":{"uv":[12.375,11.375,13.125,12.375],"tintindex":0,"rotation":0,"texture":"#0"},"north":{"uv":[12.375,10.25,13.125,11.25],"tintindex":0,"rotation":0,"texture":"#0"},"west":{"uv":[8.25,5.0,6.25,6.0],"tintindex":0,"rotation":0,"texture":"#0"},"up":{"uv":[11.25,8.25,10.5,6.25],"tintindex":0,"rotation":0,"texture":"#0"},"down":{"uv":[11.875,0.0,11.125,2.0],"tintindex":0,"rotation":0,"texture":"#0"}},"rotation":{"origin":[8.255,19.593903,6.9037266],"angle":-22.5,"axis":"x"}},{"from":[6.505,0.38260698,-10.941332],"to":[12.505,16.382607,-1.9413319],"faces":{"east":{"uv":[3.75,5.0,4.875,7.0],"tintindex":0,"rotation":0,"texture":"#0"},"south":{"uv":[10.5,4.125,11.25,6.125],"tintindex":0,"rotation":0,"texture":"#0"},"north":{"uv":[10.25,9.25,11.0,11.25],"tintindex":0,"rotation":0,"texture":"#0"},"west":{"uv":[4.875,5.0,3.75,7.0],"tintindex":0,"rotation":0,"texture":"#0"},"up":{"uv":[13.125,6.625,12.375,5.5],"tintindex":0,"rotation":0,"texture":"#0"},"down":{"uv":[13.125,6.75,12.375,7.875],"tintindex":0,"rotation":0,"texture":"#0"}},"rotation":{"origin":[8.255,19.593903,6.9037266],"angle":22.5,"axis":"x"}},{"from":[4.455,23.62283,7.3532834],"to":[10.505,30.62283,23.353283],"faces":{"east":{"uv":[8.5,3.125,10.5,4.0],"tintindex":0,"rotation":0,"texture":"#0"},"south":{"uv":[10.625,12.5,11.375,13.375],"tintindex":0,"rotation":0,"texture":"#0"},"north":{"uv":[9.75,12.5,10.5,13.375],"tintindex":0,"rotation":0,"texture":"#0"},"west":{"uv":[10.5,3.125,8.5,4.0],"tintindex":0,"rotation":0,"texture":"#0"},"up":{"uv":[4.25,13.125,3.5,11.125],"tintindex":0,"rotation":0,"texture":"#0"},"down":{"uv":[5.125,11.125,4.375,13.125],"tintindex":0,"rotation":0,"texture":"#0"}},"rotation":{"origin":[8.255,19.593903,6.9037266],"angle":22.5,"axis":"x"}},{"from":[4.4300003,1.5324712,16.51797],"to":[11.505,16.53247,24.51797],"faces":{"east":{"uv":[6.25,7.25,7.25,9.125],"tintindex":0,"rotation":0,"texture":"#0"},"south":{"uv":[7.125,9.375,8.0,11.25],"tintindex":0,"rotation":0,"texture":"#0"},"north":{"uv":[8.375,9.25,9.25,11.125],"tintindex":0,"rotation":0,"texture":"#0"},"west":{"uv":[7.25,7.25,6.25,9.125],"tintindex":0,"rotation":0,"texture":"#0"},"up":{"uv":[13.0,5.375,12.125,4.375],"tintindex":0,"rotation":0,"texture":"#0"},"down":{"uv":[0.875,12.25,0.0,13.25],"tintindex":0,"rotation":0,"texture":"#0"}},"rotation":{"origin":[8.255,19.593903,6.9037266],"angle":-22.5,"axis":"x"}}],"display":{"head":{"rotation":[0.0,0.0,0.0]},"firstperson_righthand":{"rotation":[0.0,0.0,0.0]},"thirdperson_lefthand":{"rotation":[0.0,-0.0,-0.0]},"firstperson_lefthand":{"rotation":[0.0,-0.0,-0.0]},"fixed":{"rotation":[0.0,0.0,0.0]},"ground":{"rotation":[0.0,0.0,0.0]},"thirdperson_righthand":{"rotation":[0.0,0.0,0.0]},"gui":{"rotation":[-150.0,-45.0,180.0]}}}