{"textures":{"0":"modelengine:entity/monk_swift_strike_wave","particle":"#0"},"elements":[{"from":[13.061657,13.582272,2.155911],"to":[24.226538,13.582272,5.227375],"faces":{"up":{"uv":[5.5,7.25,0.0,5.75],"tintindex":0,"rotation":0,"texture":"#0"},"down":{"uv":[11.25,5.75,5.75,7.25],"tintindex":0,"rotation":0,"texture":"#0"}},"rotation":{"origin":[18.644096,7.999832,3.6916432],"angle":-45.0,"axis":"z"}},{"from":[13.061657,2.4177275,2.155911],"to":[13.061657,13.582607,5.227375],"faces":{"east":{"uv":[0.0,0.0,1.5,5.5],"tintindex":0,"rotation":0,"texture":"#0"},"west":{"uv":[1.75,0.0,3.25,5.5],"tintindex":0,"rotation":0,"texture":"#0"}},"rotation":{"origin":[18.644096,7.999832,3.6916432],"angle":-45.0,"axis":"z"}},{"from":[24.226538,2.4177275,2.155911],"to":[24.226538,13.582607,5.227375],"faces":{"east":{"uv":[3.5,0.0,5.0,5.5],"tintindex":0,"rotation":0,"texture":"#0"},"west":{"uv":[5.25,0.0,6.75,5.5],"tintindex":0,"rotation":0,"texture":"#0"}},"rotation":{"origin":[18.644096,7.999832,3.6916432],"angle":-45.0,"axis":"z"}},{"from":[13.061657,2.4173918,2.155911],"to":[24.226538,2.4173918,5.227375],"faces":{"up":{"uv":[12.5,1.5,7.0,0.0],"tintindex":0,"rotation":0,"texture":"#0"},"down":{"uv":[12.5,1.75,7.0,3.25],"tintindex":0,"rotation":0,"texture":"#0"}},"rotation":{"origin":[18.644096,7.999832,3.6916432],"angle":-45.0,"axis":"z"}}],"display":{"head":{"rotation":[0.0,0.0,0.0]},"firstperson_righthand":{"rotation":[0.0,0.0,0.0]},"thirdperson_lefthand":{"rotation":[0.0,-0.0,-0.0]},"firstperson_lefthand":{"rotation":[0.0,-0.0,-0.0]},"fixed":{"rotation":[0.0,0.0,0.0]},"ground":{"rotation":[0.0,0.0,0.0]},"thirdperson_righthand":{"rotation":[0.0,0.0,0.0]},"gui":{"rotation":[-150.0,-45.0,180.0]}}}