{"textures":{"1":"modelengine:entity/pet_shark_chef_extra","particle":"#1"},"elements":[{"from":[-1.4926586,4.5022097,2.6500015],"to":[16.507341,6.5022097,13.75],"faces":{"east":{"uv":[6.375,5.125,7.75,5.375],"tintindex":0,"rotation":180,"texture":"#1"},"south":{"uv":[6.125,1.75,8.375,2.0],"tintindex":0,"rotation":180,"texture":"#1"},"north":{"uv":[6.125,1.75,8.375,2.0],"tintindex":0,"rotation":180,"texture":"#1"},"west":{"uv":[6.375,4.75,7.75,5.0],"tintindex":0,"rotation":180,"texture":"#1"},"up":{"uv":[2.25,1.5,0.0,2.875],"tintindex":0,"rotation":180,"texture":"#1"},"down":{"uv":[2.25,1.375,0.0,0.0],"tintindex":0,"rotation":180,"texture":"#1"}}},{"from":[-0.49265862,6.5022097,3.7000008],"to":[15.507341,11.50221,12.700001],"faces":{"east":{"uv":[6.125,1.0,7.25,1.625],"tintindex":0,"rotation":180,"texture":"#1"},"south":{"uv":[6.25,2.25,4.25,2.875],"tintindex":0,"rotation":180,"texture":"#1"},"north":{"uv":[4.25,2.25,6.25,2.875],"tintindex":0,"rotation":180,"texture":"#1"},"west":{"uv":[5.5,5.75,6.625,6.375],"tintindex":0,"rotation":180,"texture":"#1"},"up":{"uv":[4.125,3.0,2.125,4.125],"tintindex":0,"rotation":180,"texture":"#1"},"down":{"uv":[2.0,4.125,0.0,3.0],"tintindex":0,"rotation":180,"texture":"#1"}}},{"from":[14.769878,1.2673903,2.7000008],"to":[18.769878,3.2673903,13.700001],"faces":{"east":{"uv":[6.375,4.375,7.75,4.625],"tintindex":0,"rotation":180,"texture":"#1"},"south":{"uv":[4.75,3.75,4.25,4.0],"tintindex":0,"rotation":180,"texture":"#1"},"north":{"uv":[4.25,3.75,4.75,4.0],"tintindex":0,"rotation":180,"texture":"#1"},"west":{"uv":[6.375,4.0,7.75,4.25],"tintindex":0,"rotation":180,"texture":"#1"},"up":{"uv":[2.375,6.25,1.875,7.625],"tintindex":0,"rotation":180,"texture":"#1"},"down":{"uv":[1.75,7.625,1.25,6.25],"tintindex":0,"rotation":180,"texture":"#1"}},"rotation":{"origin":[7.507342,7.2522097,8.200001],"angle":22.5,"axis":"z"}},{"from":[-3.7551947,1.2673903,2.7000008],"to":[0.24480534,3.2673903,13.700001],"faces":{"east":{"uv":[3.75,6.75,5.125,7.0],"tintindex":0,"rotation":180,"texture":"#1"},"south":{"uv":[5.75,6.875,5.25,7.125],"tintindex":0,"rotation":180,"texture":"#1"},"north":{"uv":[5.25,6.875,5.75,7.125],"tintindex":0,"rotation":180,"texture":"#1"},"west":{"uv":[5.5,6.5,6.875,6.75],"tintindex":0,"rotation":180,"texture":"#1"},"up":{"uv":[3.625,6.25,3.125,7.625],"tintindex":0,"rotation":180,"texture":"#1"},"down":{"uv":[3.0,7.625,2.5,6.25],"tintindex":0,"rotation":180,"texture":"#1"}},"rotation":{"origin":[7.507342,7.2522097,8.200001],"angle":-22.5,"axis":"z"}}],"display":{"head":{"rotation":[0.0,0.0,0.0]},"firstperson_righthand":{"rotation":[0.0,0.0,0.0]},"thirdperson_lefthand":{"rotation":[0.0,-0.0,-0.0]},"firstperson_lefthand":{"rotation":[0.0,-0.0,-0.0]},"fixed":{"rotation":[0.0,0.0,0.0]},"ground":{"rotation":[0.0,0.0,0.0]},"thirdperson_righthand":{"rotation":[0.0,0.0,0.0]},"gui":{"rotation":[-150.0,-45.0,180.0]}}}