{"textures":{"0":"modelengine:entity/vfx_earth_wave","particle":"#0"},"elements":[{"from":[4.4275,6.731632,-15.956491],"to":[13.4775,24.731632,-5.9564915],"faces":{"east":{"uv":[2.625,0.0,1.375,2.25],"tintindex":0,"rotation":0,"texture":"#0"},"south":{"uv":[2.75,2.375,3.875,4.625],"tintindex":0,"rotation":0,"texture":"#0"},"north":{"uv":[2.75,0.0,3.875,2.25],"tintindex":0,"rotation":0,"texture":"#0"},"west":{"uv":[1.375,0.0,2.625,2.25],"tintindex":0,"rotation":0,"texture":"#0"},"up":{"uv":[12.25,11.0,11.125,9.75],"tintindex":0,"rotation":0,"texture":"#0"},"down":{"uv":[12.25,11.125,11.125,12.375],"tintindex":0,"rotation":0,"texture":"#0"}},"rotation":{"origin":[8.9775,15.731632,-11.956491],"angle":22.5,"axis":"x"}},{"from":[4.5025,21.4994,0.25240183],"to":[11.502501,29.4994,15.252401],"faces":{"east":{"uv":[3.875,7.125,2.0,8.125],"tintindex":0,"rotation":0,"texture":"#0"},"south":{"uv":[8.875,11.375,9.75,12.375],"tintindex":0,"rotation":0,"texture":"#0"},"north":{"uv":[11.375,7.0,12.25,8.0],"tintindex":0,"rotation":0,"texture":"#0"},"west":{"uv":[2.0,7.125,3.875,8.125],"tintindex":0,"rotation":0,"texture":"#0"},"up":{"uv":[5.0,11.0,4.125,9.125],"tintindex":0,"rotation":0,"texture":"#0"},"down":{"uv":[6.0,9.125,5.125,11.0],"tintindex":0,"rotation":0,"texture":"#0"}}},{"from":[4.4525003,22.9994,-10.747599],"to":[11.5525,30.999401,5.2524014],"faces":{"east":{"uv":[7.25,3.875,5.25,4.875],"tintindex":0,"rotation":0,"texture":"#0"},"south":{"uv":[11.875,2.125,12.75,3.125],"tintindex":0,"rotation":0,"texture":"#0"},"north":{"uv":[9.875,11.375,10.75,12.375],"tintindex":0,"rotation":0,"texture":"#0"},"west":{"uv":[5.25,3.875,7.25,4.875],"tintindex":0,"rotation":0,"texture":"#0"},"up":{"uv":[1.875,10.0,1.0,8.0],"tintindex":0,"rotation":0,"texture":"#0"},"down":{"uv":[9.125,0.0,8.25,2.0],"tintindex":0,"rotation":0,"texture":"#0"}},"rotation":{"origin":[8.5025,25.4994,2.7524018],"angle":-22.5,"axis":"x"}},{"from":[2.5025,6.878079,21.287935],"to":[11.5775,23.878078,31.287935],"faces":{"east":{"uv":[2.625,2.375,1.375,4.5],"tintindex":0,"rotation":0,"texture":"#0"},"south":{"uv":[0.0,4.625,1.125,6.75],"tintindex":0,"rotation":0,"texture":"#0"},"north":{"uv":[4.0,2.75,5.125,4.875],"tintindex":0,"rotation":0,"texture":"#0"},"west":{"uv":[1.375,2.375,2.625,4.5],"tintindex":0,"rotation":0,"texture":"#0"},"up":{"uv":[11.75,3.375,10.625,2.125],"tintindex":0,"rotation":0,"texture":"#0"},"down":{"uv":[12.25,8.375,11.125,9.625],"tintindex":0,"rotation":0,"texture":"#0"}},"rotation":{"origin":[6.5025,15.378078,27.287935],"angle":-22.5,"axis":"x"}},{"from":[4.4525003,17.4994,10.252401],"to":[11.5525,27.4994,26.252401],"faces":{"east":{"uv":[6.0,1.375,4.0,2.625],"tintindex":0,"rotation":0,"texture":"#0"},"south":{"uv":[6.75,11.375,7.625,12.625],"tintindex":0,"rotation":0,"texture":"#0"},"north":{"uv":[11.375,5.625,12.25,6.875],"tintindex":0,"rotation":0,"texture":"#0"},"west":{"uv":[4.0,1.375,6.0,2.625],"tintindex":0,"rotation":0,"texture":"#0"},"up":{"uv":[8.25,9.25,7.375,7.25],"tintindex":0,"rotation":0,"texture":"#0"},"down":{"uv":[0.875,8.0,0.0,10.0],"tintindex":0,"rotation":0,"texture":"#0"}},"rotation":{"origin":[8.5025,19.4994,23.752401],"angle":22.5,"axis":"x"}}],"display":{"head":{"rotation":[0.0,0.0,0.0]},"firstperson_righthand":{"rotation":[0.0,0.0,0.0]},"thirdperson_lefthand":{"rotation":[0.0,-0.0,-0.0]},"firstperson_lefthand":{"rotation":[0.0,-0.0,-0.0]},"fixed":{"rotation":[0.0,0.0,0.0]},"ground":{"rotation":[0.0,0.0,0.0]},"thirdperson_righthand":{"rotation":[0.0,0.0,0.0]},"gui":{"rotation":[-150.0,-45.0,180.0]}}}