{"format_version":"1.9.0","credit":"Made with Blockbench","texture_size":[256,256],"textures":{"0":"shizuart_furnitures:tavern_furniture/tavern_texture","particle":"shizuart_furnitures:tavern_furniture/tavern_texture"},"elements":[{"from":[5.5,0,5.5],"to":[10.5,6,10.5],"rotation":{"angle":0,"axis":"z","origin":[6.25,3.25,8]},"faces":{"north":{"uv":[11.75,8.625,12.0625,9],"texture":"#0"},"east":{"uv":[11.75,8.625,12.0625,9],"texture":"#0"},"south":{"uv":[11.75,8.625,12.0625,9],"texture":"#0"},"west":{"uv":[11.75,8.625,12.0625,9],"texture":"#0"},"up":{"uv":[15.5,10.9375,15.8125,11.25],"texture":"#0"},"down":{"uv":[11.75,9.0625,12.0625,9.375],"texture":"#0"}}},{"from":[5.4,1.9,5.4],"to":[10.6,6.1,10.6],"rotation":{"angle":0,"axis":"z","origin":[6.25,3.25,8]},"faces":{"north":{"uv":[15.8125,9.6875,15.5,9.9375],"texture":"#0"},"east":{"uv":[15.5,9.9375,15.8125,10.1875],"texture":"#0"},"south":{"uv":[15.8125,10.5625,15.5625,10.875],"rotation":90,"texture":"#0"},"west":{"uv":[15.8125,10.5,15.5625,10.1875],"rotation":90,"texture":"#0"},"up":{"uv":[15.4375,9.3125,15.75,9.625],"texture":"#0"},"down":{"uv":[15.3125,8.875,15.625,9.1875],"texture":"#0"}}},{"from":[3.5,1,8],"to":[5.5,5,8],"rotation":{"angle":0,"axis":"z","origin":[6.25,3.25,8]},"faces":{"north":{"uv":[11.1875,8.6875,11.3125,8.9375],"texture":"#0"},"south":{"uv":[11.3125,8.6875,11.1875,8.9375],"texture":"#0"}}}],"gui_light":"front","display":{"thirdperson_righthand":{"rotation":[68.75,86,-1],"translation":[0.25,4.25,3],"scale":[0.82813,0.82813,0.82813]},"thirdperson_lefthand":{"rotation":[68.75,-90,-1],"translation":[0.25,4.25,3],"scale":[0.82813,0.82813,0.82813]},"firstperson_righthand":{"rotation":[0,75.75,0],"translation":[5.25,3.75,-0.25],"scale":[0.64609,0.64609,0.64609]},"firstperson_lefthand":{"rotation":[0,75.75,0],"translation":[5.25,3.75,-0.25],"scale":[0.64609,0.64609,0.64609]},"ground":{"translation":[0,3,0],"scale":[0.25,0.25,0.25]},"gui":{"rotation":[30,-135,0],"translation":[-0.25,6.5,0],"scale":[1.57617,1.57617,1.57617]},"head":{"translation":[0,12.75,0],"scale":[0.79492,0.79492,0.79492]},"fixed":{"rotation":[-90,0,0],"translation":[0,0,-16],"scale":[2.00195,2.00195,2.00195]}},"groups":[{"name":"group","origin":[8,8,8],"color":0,"children":[0,1,2]}],"mcmodels":"5aa67676381db8166dc0aaa305a44120"}