{"format_version":"1.9.0","credit":"Made with Blockbench","texture_size":[256,256],"textures":{"0":"shizuart_furnitures:tavern_furniture/tavern_texture","particle":"shizuart_furnitures:tavern_furniture/tavern_texture"},"elements":[{"from":[4.5,3,4.5],"to":[11.5,7,11.5],"rotation":{"angle":0,"axis":"x","origin":[8,3.25,8]},"faces":{"north":{"uv":[13.5,9.9375,13.9375,10.1875],"texture":"#0"},"east":{"uv":[14,9.9375,14.4375,10.1875],"texture":"#0"},"south":{"uv":[14,10.25,14.4375,10.5],"texture":"#0"},"west":{"uv":[14,9.9375,14.4375,10.1875],"texture":"#0"},"up":{"uv":[14.5,9.6875,14.9375,10.125],"texture":"#0"},"down":{"uv":[15,9.6875,15.4375,10.125],"texture":"#0"}}},{"from":[5.5,0,4.5],"to":[10.5,3,11.5],"rotation":{"angle":0,"axis":"x","origin":[8,3.25,8]},"faces":{"north":{"uv":[13.5625,10.1875,13.875,10.375],"texture":"#0"},"east":{"uv":[13.875,9.6875,14.3125,9.875],"texture":"#0"},"south":{"uv":[13.5,9.6875,13.8125,9.875],"texture":"#0"},"west":{"uv":[13.875,9.6875,14.3125,9.875],"texture":"#0"},"down":{"uv":[13.875,9.8125,14.3125,9.875],"rotation":90,"texture":"#0"}}}],"gui_light":"front","display":{"thirdperson_righthand":{"rotation":[75,45,0],"translation":[0,3.75,5.25],"scale":[0.67578,0.67578,0.67578]},"thirdperson_lefthand":{"rotation":[75,45,0],"translation":[0,3.75,5.25],"scale":[0.67578,0.67578,0.67578]},"firstperson_righthand":{"rotation":[0,75.75,0],"translation":[5.25,2.75,0.25],"scale":[0.4,0.4,0.4]},"firstperson_lefthand":{"rotation":[0,75.75,0],"translation":[5.25,2.75,1],"scale":[0.4,0.4,0.4]},"ground":{"translation":[0,3,0],"scale":[0.25,0.25,0.25]},"gui":{"rotation":[30,-135,0],"translation":[0.25,4.25,0],"scale":[1.26172,1.26172,1.26172]},"head":{"translation":[0,12.75,0],"scale":[0.79492,0.79492,0.79492]},"fixed":{"rotation":[-90,0,0],"translation":[0,0,-16],"scale":[2.00195,2.00195,2.00195]}},"mcmodels":"5aa67676381db8166dc0aaa305a44120"}