{"textures":{"0":"modelengine:entity/monk_dragon_fists","particle":"#0"},"elements":[{"from":[9.782362,7.427761,15.634251],"to":[5.1023617,-0.76223946,10.95425],"faces":{"east":{"uv":[6.625,1.0,6.125,1.875],"tintindex":0,"rotation":0,"texture":"#0"},"south":{"uv":[6.625,0.0,6.125,0.875],"tintindex":0,"rotation":0,"texture":"#0"},"north":{"uv":[4.5,5.25,4.0,6.125],"tintindex":0,"rotation":0,"texture":"#0"},"west":{"uv":[6.375,5.5,5.875,6.375],"tintindex":0,"rotation":0,"texture":"#0"},"up":{"uv":[8.875,8.375,9.375,7.875],"tintindex":0,"rotation":0,"texture":"#0"},"down":{"uv":[3.5,9.125,4.0,9.625],"tintindex":0,"rotation":0,"texture":"#0"}},"rotation":{"origin":[4.7349186,8.970842,18.55925],"angle":22.5,"axis":"z"}},{"from":[9.782362,7.427761,12.094999],"to":[5.1023617,-0.76223946,7.415],"faces":{"east":{"uv":[6.625,1.0,6.125,1.875],"tintindex":0,"rotation":0,"texture":"#0"},"south":{"uv":[6.625,0.0,6.125,0.875],"tintindex":0,"rotation":0,"texture":"#0"},"north":{"uv":[4.5,5.25,4.0,6.125],"tintindex":0,"rotation":0,"texture":"#0"},"west":{"uv":[6.375,5.5,5.875,6.375],"tintindex":0,"rotation":0,"texture":"#0"},"up":{"uv":[8.875,8.375,9.375,7.875],"tintindex":0,"rotation":0,"texture":"#0"},"down":{"uv":[3.5,9.125,4.0,9.625],"tintindex":0,"rotation":0,"texture":"#0"}},"rotation":{"origin":[4.7349186,8.970842,15.02],"angle":22.5,"axis":"z"}},{"from":[6.2723618,0.40776062,12.12425],"to":[8.612362,6.257761,14.464251],"faces":{"east":{"uv":[8.75,3.5,8.375,4.25],"tintindex":0,"rotation":0,"texture":"#0"},"south":{"uv":[8.75,2.625,8.375,3.375],"tintindex":0,"rotation":0,"texture":"#0"},"north":{"uv":[3.5,7.875,3.125,8.625],"tintindex":0,"rotation":0,"texture":"#0"},"west":{"uv":[4.0,8.25,3.625,9.0],"tintindex":0,"rotation":0,"texture":"#0"},"up":{"uv":[4.625,10.0,5.0,9.625],"tintindex":0,"rotation":0,"texture":"#0"},"down":{"uv":[5.125,9.625,5.5,10.0],"tintindex":0,"rotation":0,"texture":"#0"}},"rotation":{"origin":[4.7349186,8.970842,18.55925],"angle":22.5,"axis":"z"}},{"from":[6.2723618,0.40776062,5.0457497],"to":[8.612362,6.257761,7.38575],"faces":{"east":{"uv":[8.75,3.5,8.375,4.25],"tintindex":0,"rotation":0,"texture":"#0"},"south":{"uv":[8.75,2.625,8.375,3.375],"tintindex":0,"rotation":0,"texture":"#0"},"north":{"uv":[3.5,7.875,3.125,8.625],"tintindex":0,"rotation":0,"texture":"#0"},"west":{"uv":[4.0,8.25,3.625,9.0],"tintindex":0,"rotation":0,"texture":"#0"},"up":{"uv":[4.625,10.0,5.0,9.625],"tintindex":0,"rotation":0,"texture":"#0"},"down":{"uv":[5.125,9.625,5.5,10.0],"tintindex":0,"rotation":0,"texture":"#0"}},"rotation":{"origin":[4.7349186,8.970842,11.48075],"angle":22.5,"axis":"z"}},{"from":[9.782362,7.427761,5.0165],"to":[5.1023617,-0.76223946,0.33650017],"faces":{"east":{"uv":[6.625,1.0,6.125,1.875],"tintindex":0,"rotation":0,"texture":"#0"},"south":{"uv":[6.625,0.0,6.125,0.875],"tintindex":0,"rotation":0,"texture":"#0"},"north":{"uv":[4.5,5.25,4.0,6.125],"tintindex":0,"rotation":0,"texture":"#0"},"west":{"uv":[6.375,5.5,5.875,6.375],"tintindex":0,"rotation":0,"texture":"#0"},"up":{"uv":[8.875,8.375,9.375,7.875],"tintindex":0,"rotation":0,"texture":"#0"},"down":{"uv":[3.5,9.125,4.0,9.625],"tintindex":0,"rotation":0,"texture":"#0"}},"rotation":{"origin":[4.7349186,8.970842,7.9415],"angle":22.5,"axis":"z"}},{"from":[6.2723618,0.40776062,1.5064998],"to":[8.612362,6.257761,3.8465],"faces":{"east":{"uv":[8.75,3.5,8.375,4.25],"tintindex":0,"rotation":0,"texture":"#0"},"south":{"uv":[8.75,2.625,8.375,3.375],"tintindex":0,"rotation":0,"texture":"#0"},"north":{"uv":[3.5,7.875,3.125,8.625],"tintindex":0,"rotation":0,"texture":"#0"},"west":{"uv":[4.0,8.25,3.625,9.0],"tintindex":0,"rotation":0,"texture":"#0"},"up":{"uv":[4.625,10.0,5.0,9.625],"tintindex":0,"rotation":0,"texture":"#0"},"down":{"uv":[5.125,9.625,5.5,10.0],"tintindex":0,"rotation":0,"texture":"#0"}},"rotation":{"origin":[4.7349186,8.970842,7.9415],"angle":22.5,"axis":"z"}},{"from":[9.782362,7.427761,8.55575],"to":[5.1023617,-0.76223946,3.87575],"faces":{"east":{"uv":[6.625,1.0,6.125,1.875],"tintindex":0,"rotation":0,"texture":"#0"},"south":{"uv":[6.625,0.0,6.125,0.875],"tintindex":0,"rotation":0,"texture":"#0"},"north":{"uv":[4.5,5.25,4.0,6.125],"tintindex":0,"rotation":0,"texture":"#0"},"west":{"uv":[6.375,5.5,5.875,6.375],"tintindex":0,"rotation":0,"texture":"#0"},"up":{"uv":[8.875,8.375,9.375,7.875],"tintindex":0,"rotation":0,"texture":"#0"},"down":{"uv":[3.5,9.125,4.0,9.625],"tintindex":0,"rotation":0,"texture":"#0"}},"rotation":{"origin":[4.7349186,8.970842,11.48075],"angle":22.5,"axis":"z"}},{"from":[6.2723618,0.40776062,8.585],"to":[8.612362,6.257761,10.925],"faces":{"east":{"uv":[8.75,3.5,8.375,4.25],"tintindex":0,"rotation":0,"texture":"#0"},"south":{"uv":[8.75,2.625,8.375,3.375],"tintindex":0,"rotation":0,"texture":"#0"},"north":{"uv":[3.5,7.875,3.125,8.625],"tintindex":0,"rotation":0,"texture":"#0"},"west":{"uv":[4.0,8.25,3.625,9.0],"tintindex":0,"rotation":0,"texture":"#0"},"up":{"uv":[4.625,10.0,5.0,9.625],"tintindex":0,"rotation":0,"texture":"#0"},"down":{"uv":[5.125,9.625,5.5,10.0],"tintindex":0,"rotation":0,"texture":"#0"}},"rotation":{"origin":[4.7349186,8.970842,15.02],"angle":22.5,"axis":"z"}}],"display":{"head":{"rotation":[0.0,0.0,0.0]},"firstperson_righthand":{"rotation":[0.0,0.0,0.0]},"thirdperson_lefthand":{"rotation":[0.0,-0.0,-0.0]},"firstperson_lefthand":{"rotation":[0.0,-0.0,-0.0]},"fixed":{"rotation":[0.0,0.0,0.0]},"ground":{"rotation":[0.0,0.0,0.0]},"thirdperson_righthand":{"rotation":[0.0,0.0,0.0]},"gui":{"rotation":[-150.0,-45.0,180.0]}}}